TEMPERATURE,CPU_USAGE,CPU_1,CPU_2,CPU_3,CPU_4
46.2,29.6,31.0,25.0,24.5,34.3
44.8,28.3,27.3,31.6,31.0,25.3
45.7,29.1,21.4,29.7,34.3,35.4
45.2,26.6,19.6,43.3,17.5,31.4
46.2,34.0,43.0,51.5,45.9,17.2
46.7,27.4,36.7,27.3,29.0,24.2
47.7,29.8,23.7,30.3,19.8,35.4
47.2,28.5,25.8,21.6,36.0,28.0
46.2,29.0,28.3,26.3,35.0,25.5
47.2,27.6,31.7,23.0,35.3,31.1
45.7,28.6,52.5,25.0,17.3,16.5
46.2,28.2,32.0,36.7,22.5,22.4
46.7,29.3,47.9,22.8,17.5,28.7
47.2,28.7,27.8,22.7,24.2,39.6
46.2,29.1,31.3,30.3,32.7,28.1
46.7,29.2,23.5,22.2,24.8,42.0
46.7,26.9,23.2,27.5,32.7,28.6
47.2,26.9,27.0,30.6,18.8,36.4
46.7,27.9,21.9,33.3,31.6,26.0
47.7,28.0,17.6,49.0,22.0,18.0
48.2,28.7,32.3,24.5,23.2,23.2
46.7,28.7,28.0,39.2,20.4,24.5
47.7,28.3,21.1,25.0,27.2,36.7
46.7,28.2,28.6,11.1,29.7,41.2
46.7,25.3,18.2,21.8,21.0,45.3
47.7,27.5,25.0,27.0,24.5,32.7
48.2,28.2,17.9,47.5,21.8,27.5
47.2,28.9,30.6,49.0,21.8,12.0
47.7,28.2,45.9,13.4,25.5,18.7
47.2,29.8,42.0,18.4,26.7,22.4
46.7,28.3,38.0,28.1,17.2,33.3
47.7,29.0,46.9,28.7,18.0,22.0
46.7,29.1,52.5,23.8,18.0,18.8
47.7,28.2,30.2,30.7,24.5,21.4
48.2,28.0,16.3,40.4,35.1,22.8
47.7,28.2,27.2,51.0,19.0,22.0
48.2,30.5,26.5,32.4,36.7,19.6
48.2,29.3,52.4,23.2,17.0,19.2
47.7,28.1,32.4,29.3,21.0,29.2
47.7,27.6,33.0,21.0,45.9,20.8
47.2,28.9,29.7,24.5,23.5,41.3
47.2,28.3,32.0,22.4,28.1,34.7
48.7,31.4,21.6,50.0,21.2,18.9
48.7,30.1,32.7,32.7,19.4,22.2
47.7,28.6,29.2,25.3,32.7,27.3
47.2,28.0,29.6,27.7,24.0,35.0
48.2,29.4,21.2,41.8,22.0,33.3
47.2,27.6,21.4,26.0,38.0,26.3
49.1,29.9,37.0,32.7,24.0,21.1
48.2,29.4,33.0,25.8,34.0,25.0
48.2,25.6,34.7,23.2,29.7,31.7
48.7,28.6,34.0,26.7,24.2,32.4
47.7,30.0,23.2,51.0,24.0,20.0
47.2,28.1,20.6,32.0,28.6,29.6
48.2,27.8,28.1,29.3,23.5,35.0
48.2,28.6,35.1,17.3,29.6,32.7
47.7,28.4,22.2,45.2,26.0,23.2
47.7,29.6,17.2,48.5,29.2,26.0
48.2,29.6,22.4,27.5,24.0,38.8
47.7,28.9,21.8,52.5,16.8,23.5
47.7,27.0,24.5,26.0,25.7,38.5
47.2,28.6,31.6,29.3,25.3,38.2
47.2,29.0,32.3,24.0,23.5,36.3
47.2,28.5,51.5,25.8,23.2,15.8
48.2,28.5,41.8,23.5,23.2,28.4
47.7,26.6,41.7,21.4,24.2,23.2
47.7,30.2,21.1,27.5,30.9,32.0
47.7,28.6,22.5,21.2,28.6,37.8
47.2,28.9,21.0,14.4,26.3,35.7
48.7,30.0,26.3,28.2,47.4,20.2
48.2,28.3,38.6,31.7,21.2,21.0
48.2,28.9,29.2,19.6,47.0,24.0
47.7,29.1,23.5,25.8,41.0,20.8
47.7,28.6,29.0,19.0,21.4,24.8
46.7,28.3,39.8,27.3,33.0,19.2
48.2,22.2,44.6,24.2,21.2,24.0
47.7,28.7,22.2,36.7,25.0,27.8
48.2,27.9,23.5,24.8,17.3,53.9
49.1,27.8,11.9,18.4,18.3,6.1
48.7,29.1,32.3,33.7,31.7,17.2
48.7,9.3,6.0,12.2,7.1,3.0
47.7,27.5,24.2,13.1,42.2,30.9
47.7,27.3,22.2,22.0,43.4,26.0
47.2,28.9,20.0,9.1,28.4,18.6
48.2,29.5,46.5,22.0,27.0,22.2
47.7,17.7,25.8,33.0,28.4,31.6
46.7,28.8,19.4,29.2,22.7,41.7
48.2,28.8,29.2,26.7,31.0,31.1
48.7,29.3,50.5,27.6,15.5,24.5
47.7,27.2,24.2,28.7,33.7,24.0
47.2,27.3,52.0,21.6,19.2,21.4
48.2,27.9,37.1,23.0,12.2,34.7
47.7,28.1,41.8,24.8,17.2,33.0
48.2,27.6,33.0,30.3,30.9,24.2
48.2,28.6,24.5,27.5,23.8,35.4
48.2,30.1,21.9,30.2,37.0,20.2
48.2,28.5,27.8,49.0,18.4,16.0
47.2,30.3,32.3,39.2,17.0,25.5
47.7,28.6,23.5,32.7,30.7,30.3
47.7,26.0,19.6,29.3,30.7,33.3
48.7,29.3,25.8,34.3,16.3,36.3
48.7,29.0,20.0,41.4,20.8,33.0
48.7,28.2,34.7,29.7,22.9,20.6
48.7,27.2,32.7,25.0,35.7,16.7
48.7,28.4,26.0,39.0,27.3,20.6
48.7,28.6,14.6,38.1,29.3,30.6
48.7,29.7,21.0,37.1,23.3,32.3
47.2,31.2,27.5,33.7,25.0,31.6
48.7,28.1,28.6,28.3,20.6,36.1
47.7,27.7,17.0,28.0,21.0,48.5
48.7,26.4,36.4,23.7,20.4,36.6
48.7,27.9,24.0,29.0,31.6,32.7
48.2,29.8,20.4,33.7,31.6,30.7
48.7,29.0,32.7,25.0,35.1,26.0
48.7,28.8,29.0,34.0,29.6,21.6
49.1,30.2,26.8,31.4,33.3,21.4
49.1,29.5,38.0,21.8,30.3,19.4
48.2,29.1,33.3,26.5,30.6,22.0
47.2,27.2,35.3,13.4,7.1,24.8
48.7,27.1,30.3,21.6,18.2,45.5
48.2,30.3,35.1,26.5,23.0,33.0
47.2,29.5,27.8,31.4,33.0,31.1
48.2,28.6,22.2,22.2,32.4,35.4
47.7,29.6,32.7,23.2,35.3,22.9
48.2,28.7,30.6,27.7,32.3,16.5
47.2,29.4,29.7,31.7,19.2,37.3
48.2,30.2,33.3,29.0,23.2,25.3
47.7,27.6,50.0,27.7,18.8,23.0
48.2,26.0,37.0,17.5,30.4,24.0
48.7,26.6,19.8,34.3,36.0,28.3
48.2,23.0,37.0,24.0,22.0,19.4
47.7,28.2,38.4,34.7,17.8,21.8
48.2,29.2,31.6,31.3,22.5,26.3
47.7,27.7,37.8,16.0,22.8,32.0
48.2,30.2,20.8,33.7,23.7,34.3
47.2,28.5,29.6,18.6,27.3,39.4
48.2,28.6,29.5,41.2,23.2,17.3
47.7,29.4,27.1,33.0,26.9,22.2
48.7,28.3,39.6,19.0,29.9,23.1
48.2,27.2,25.0,26.7,20.4,42.6
48.2,27.6,34.7,27.2,12.2,41.0
48.7,27.8,48.5,29.1,16.3,19.0
48.7,25.0,27.3,27.3,30.8,30.0
49.1,30.4,32.0,36.6,27.8,18.2
48.7,28.3,28.3,28.0,37.0,25.3
49.1,28.3,26.0,25.5,38.4,28.7
48.7,29.3,22.2,32.7,31.6,29.6
48.2,28.2,37.4,26.7,28.7,22.7
47.7,28.4,47.0,18.0,15.0,29.9
47.7,29.4,28.1,19.4,17.0,45.4
48.7,30.3,21.0,16.5,24.5,53.5
48.2,28.2,32.0,29.0,18.2,42.0
48.7,29.7,28.0,38.0,26.7,31.4
48.7,29.3,18.4,19.6,51.5,26.0
48.7,28.0,29.1,20.2,46.9,26.9
48.7,30.8,23.2,40.2,28.4,23.2
48.7,29.9,25.0,12.8,50.0,22.8
48.2,28.8,49.5,26.3,26.0,15.2
48.7,30.3,51.0,20.0,26.0,18.0
48.2,30.7,27.3,20.6,31.0,36.4
48.7,29.7,44.0,19.2,15.7,36.0
48.7,30.3,24.2,26.7,31.0,32.7
48.7,26.6,30.0,31.0,27.0,29.6
48.7,28.5,39.2,34.7,15.5,23.0
49.6,28.7,49.5,21.2,27.5,16.8
48.2,26.3,50.0,27.7,17.8,22.3
48.2,27.0,35.0,29.3,23.0,29.3
49.1,30.5,24.5,30.9,32.3,23.2
48.2,28.0,35.4,23.8,34.7,18.0
48.7,29.6,8.3,29.9,49.0,27.7
48.2,26.3,36.9,32.0,22.0,23.7
48.7,28.6,53.0,23.5,20.4,16.0
49.1,27.5,26.5,29.4,17.3,36.6
48.2,28.8,31.6,21.8,38.4,18.4
48.7,28.3,19.0,49.0,28.0,24.3
48.7,29.2,24.8,43.7,20.0,23.3
49.1,28.9,28.6,45.5,22.8,24.0
49.1,29.1,50.0,25.5,13.1,26.7
49.1,30.4,29.5,33.7,18.4,31.4
49.1,27.9,25.3,24.8,30.6,38.6
48.7,29.0,25.3,37.5,22.8,24.0
48.7,29.7,24.7,26.5,36.2,26.0
48.7,27.3,34.0,27.7,24.5,24.2
48.7,29.0,21.0,30.7,35.2,28.7
49.1,28.4,22.4,49.0,20.2,24.5
49.1,28.6,19.4,41.6,23.2,28.3
48.2,29.7,31.6,30.6,28.3,20.0
48.2,29.5,31.6,33.7,25.2,29.1
48.2,28.1,32.3,21.6,30.6,34.0
48.2,30.1,23.2,13.1,29.8,25.5
48.2,28.0,26.5,19.0,39.0,35.0
48.7,30.2,20.4,28.8,50.5,20.0
48.2,29.3,25.5,31.0,29.0,29.0
48.2,29.2,33.7,29.4,21.6,29.6
48.2,29.5,16.0,52.0,21.2,25.7
48.2,27.2,12.4,49.5,29.3,25.3
48.2,28.5,29.0,43.7,22.1,30.4
49.1,31.2,19.4,47.9,23.2,21.8
49.1,29.6,15.6,34.7,28.8,31.7
49.1,29.1,21.4,21.4,39.6,28.3
48.2,28.6,34.7,34.7,23.8,23.0
47.7,27.5,27.8,22.4,27.7,20.2
49.1,28.5,30.3,19.2,38.6,24.0
48.2,28.4,32.7,27.3,25.5,29.4
49.1,29.9,16.3,24.8,47.5,26.3
47.7,29.8,21.4,22.0,50.0,18.7
48.7,26.2,31.0,31.1,45.0,17.0
49.1,29.6,40.4,36.4,19.6,16.2
48.7,31.3,20.8,18.4,44.0,29.3
48.2,27.9,26.0,31.3,21.8,38.0
48.2,29.6,25.5,22.5,15.8,52.5
48.7,27.6,27.3,34.7,28.7,32.7
47.7,29.1,23.2,30.4,23.0,42.4
48.2,17.7,30.0,20.8,16.2,46.1
49.6,27.1,17.8,17.0,29.4,52.5
48.7,27.2,27.0,19.4,31.6,34.7
49.1,29.4,24.8,22.4,16.2,52.0
48.7,29.5,23.1,34.7,22.2,34.3
49.6,27.9,34.3,39.4,22.7,25.2
48.2,26.4,33.7,32.6,27.5,15.2
49.1,26.8,24.5,26.5,29.3,35.1
49.1,28.9,30.3,34.3,25.5,30.6
48.7,28.7,15.0,23.5,51.5,22.7
49.1,29.2,24.7,21.2,34.4,27.6
49.1,29.3,25.7,22.3,49.0,22.0
49.1,28.5,28.7,15.2,46.0,32.7
48.2,28.9,32.7,30.9,27.6,22.2
48.7,28.3,28.2,32.7,30.5,24.8
48.2,29.0,26.0,22.0,50.0,16.5
48.2,30.1,37.3,29.2,35.9,14.3
48.2,26.6,29.7,17.5,25.2,15.3
48.7,27.6,23.7,27.0,48.5,15.5
48.2,29.4,25.5,18.2,49.0,27.5
48.7,30.1,28.6,23.5,48.5,17.3
49.6,28.0,39.6,24.7,28.6,29.8
48.7,29.0,25.0,47.5,25.5,22.0
49.6,26.8,18.2,29.3,24.0,40.6
48.2,27.5,15.3,52.5,25.8,14.3
48.7,28.2,17.2,48.0,31.1,21.4
49.1,28.0,23.7,50.5,29.7,13.6
49.6,29.0,23.2,28.0,27.6,33.3
49.1,26.4,42.0,28.0,18.2,26.9
48.2,30.8,32.6,29.6,23.0,22.3
48.7,28.3,23.0,33.3,45.7,20.0
47.7,30.8,25.3,27.6,36.6,27.0
49.1,30.2,15.3,42.0,32.7,19.2
48.7,30.1,30.1,23.8,20.8,46.5
48.2,29.0,28.6,25.7,24.0,34.0
47.7,27.7,44.0,27.3,27.0,24.8
48.7,28.7,32.0,26.0,29.3,27.6
47.7,29.1,35.6,23.0,26.5,25.8
48.2,28.0,29.1,40.0,20.0,26.3
49.1,25.0,31.0,33.7,18.0,36.1
48.2,28.1,44.8,30.5,22.7,19.0
48.7,29.0,24.5,33.0,25.5,31.7
49.1,28.6,16.5,37.8,13.7,30.3
49.1,29.4,34.7,19.2,30.6,29.4
48.7,25.8,45.5,27.8,9.3,18.8
49.1,28.5,27.3,28.7,30.4,30.2
48.7,28.1,30.7,25.0,26.5,31.6
49.1,30.1,24.8,18.8,23.2,12.1
48.7,28.7,25.0,24.0,54.0,16.3
48.7,18.3,28.9,27.3,31.6,24.0
48.2,27.1,28.2,22.2,25.3,42.2
49.1,29.4,50.0,15.2,24.7,21.0
49.6,28.2,22.5,13.1,16.3,9.4
48.7,27.0,25.3,30.3,32.3,28.4
47.7,20.2,21.6,52.0,17.0,17.6
48.7,27.7,13.0,23.5,26.0,46.0
49.6,30.3,29.7,23.7,48.5,15.0
48.2,29.1,10.1,13.3,24.2,28.0
48.7,27.2,27.3,27.8,27.7,30.6
48.7,27.2,29.3,27.6,29.3,31.3
48.2,28.7,33.3,27.5,27.0,37.0
49.1,27.8,50.0,25.3,24.7,13.1
49.6,27.2,28.3,25.0,27.6,36.7
48.2,28.2,23.5,17.2,52.9,18.1
48.7,29.2,25.3,22.4,35.4,33.7
48.7,29.9,33.7,26.3,28.7,28.6
49.1,29.0,33.7,24.2,49.0,9.4
50.1,29.6,19.4,29.7,45.4,18.8
49.1,27.7,18.4,22.2,56.2,18.0
48.7,10.8,21.2,26.9,27.0,43.1
48.7,28.2,23.7,33.0,29.4,32.0
48.2,28.1,23.0,31.6,23.7,38.8
47.7,28.2,36.7,29.0,33.0,21.4
49.1,28.9,33.0,20.8,37.8,22.2
49.1,27.0,21.3,12.1,28.7,45.5
48.7,29.8,21.4,14.1,20.0,56.0
49.6,31.0,34.0,25.3,25.7,29.0
48.2,28.3,36.7,21.8,15.3,24.5
48.2,29.5,24.7,20.2,28.0,36.4
49.1,28.4,29.1,26.7,24.0,34.3
49.6,26.6,17.7,43.7,32.4,18.2
47.7,27.8,34.3,24.0,30.1,19.8
48.7,28.8,12.5,46.0,29.3,25.7
49.1,28.8,22.2,52.0,22.9,12.4
49.1,30.1,27.0,27.0,22.5,42.0
48.7,27.3,31.6,22.5,41.2,17.2
47.7,27.9,38.4,28.6,20.2,24.0
49.1,27.6,37.2,28.0,16.2,23.3
48.7,27.1,36.1,15.3,30.1,25.5
48.2,29.7,27.3,26.2,29.3,30.0
48.7,30.1,32.0,33.0,29.7,21.4
49.1,28.0,22.4,13.9,55.9,23.5
48.7,29.6,15.2,20.6,15.3,16.0
49.1,27.8,32.0,31.4,22.3,30.3
48.7,27.8,33.3,23.8,39.0,23.0
49.1,27.6,23.5,22.9,46.4,25.5
49.6,28.5,33.0,24.8,22.0,36.0
48.7,28.3,40.2,10.1,22.0,35.6
49.6,28.9,28.6,21.2,27.1,34.0
48.7,26.8,22.4,23.2,48.5,23.8
48.7,28.1,27.5,27.7,28.9,32.7
48.2,30.5,29.0,28.9,30.0,22.9
47.7,27.6,21.0,20.0,50.5,22.0
49.1,28.1,27.6,15.3,19.0,51.0
49.1,28.4,14.4,19.0,15.0,32.7
48.2,27.3,21.9,23.0,24.0,47.1
48.7,27.9,29.3,33.0,18.6,28.0
49.6,27.0,24.5,26.7,31.6,32.7
49.1,26.1,25.5,52.1,17.7,15.8
49.6,28.6,47.5,27.0,27.8,14.0
48.7,28.6,38.0,21.2,29.6,26.0
48.7,28.3,54.0,16.7,32.4,15.3
50.1,29.5,48.0,21.2,24.5,20.8
49.1,28.6,29.6,35.6,21.8,31.3
48.7,31.4,35.6,27.1,26.5,28.7
49.1,28.0,28.4,38.6,34.4,19.4
47.7,27.3,27.0,29.6,18.6,24.5
49.1,29.9,24.7,31.3,27.3,33.0
49.6,30.1,28.9,15.2,18.2,48.0
48.7,28.9,22.7,14.3,41.2,32.0
49.1,29.8,27.6,28.0,32.3,32.0
49.6,27.0,15.3,26.5,18.2,50.5
48.7,29.0,33.0,24.8,21.8,31.4
48.2,31.8,45.2,22.0,23.3,28.3
49.1,27.0,51.9,26.7,12.5,21.6
48.7,27.7,31.6,20.6,16.0,42.3
48.7,27.3,25.3,29.6,21.2,36.6
48.2,28.4,23.7,28.3,32.0,31.4
49.1,23.7,30.0,31.6,22.2,29.9
49.1,28.9,22.2,24.0,20.2,48.0
48.7,30.1,29.0,25.3,25.5,30.9
47.7,28.8,24.2,25.5,17.3,49.0
48.7,30.0,19.8,27.6,18.0,48.0
48.2,28.8,30.9,25.5,26.8,31.0
48.2,26.4,33.7,35.3,20.0,25.3
48.7,29.0,29.2,28.3,29.1,32.0
48.2,26.4,21.6,25.7,21.6,39.4
48.7,26.6,23.7,27.6,37.9,23.2
49.1,29.5,16.5,41.2,39.2,18.0
48.2,26.6,31.7,25.7,24.0,32.0
47.7,28.6,21.6,16.2,22.7,52.4
48.2,29.6,21.6,16.5,18.0,48.0
48.7,30.0,28.0,32.0,18.4,29.6
49.1,26.6,41.2,34.0,14.4,28.0
48.2,28.9,28.6,31.3,34.0,24.8
49.1,30.2,32.7,34.3,22.2,24.5
48.2,28.3,18.4,40.2,30.3,21.4
48.7,29.3,33.0,18.6,25.3,31.3
49.6,28.1,37.9,24.8,24.2,27.7
49.1,28.0,16.7,28.4,21.6,48.0
48.7,29.2,29.4,30.7,19.2,43.7
49.1,29.2,17.7,32.4,22.8,44.9
48.7,30.4,17.2,26.3,27.3,45.6
48.7,30.2,23.0,21.8,29.7,46.4
48.2,29.0,18.6,27.5,19.4,48.0
48.7,29.0,20.0,27.0,27.2,48.0
47.7,28.5,13.7,36.6,26.7,40.4
48.7,29.3,31.3,29.0,22.9,28.0
48.7,28.2,26.3,17.3,28.4,41.8
49.1,28.2,36.7,27.7,26.0,27.7
48.2,31.2,33.3,29.3,21.1,27.3
48.7,28.0,30.2,19.0,35.4,30.4
48.7,28.2,29.0,25.3,16.7,42.4
49.1,29.5,13.1,36.7,17.0,20.8
49.6,27.3,21.6,36.6,24.3,25.0
49.1,28.8,24.3,45.5,22.9,19.8
49.1,30.6,25.5,34.0,31.0,21.4
48.7,28.5,39.4,20.8,25.7,26.5
49.1,28.2,24.7,19.0,32.7,35.4
50.1,27.0,29.1,25.3,21.6,40.0
48.7,27.6,23.2,45.2,23.5,26.5
49.1,28.0,27.6,17.8,22.5,49.0
49.6,30.5,22.4,33.7,10.2,43.1
49.1,29.4,35.0,42.6,40.2,33.7
49.1,26.8,32.0,33.0,19.2,28.0
48.7,26.4,37.1,16.8,17.2,20.8
48.7,27.9,52.0,24.2,15.5,25.5
48.7,30.9,27.7,44.0,21.2,24.0
49.1,28.5,23.5,24.3,23.8,51.5
49.1,27.8,32.3,27.3,33.3,25.5
47.7,29.4,30.1,29.4,24.2,33.3
48.7,27.6,26.0,31.4,30.6,23.2
47.7,29.5,24.7,27.5,25.5,29.4
49.6,26.8,48.0,25.3,8.0,26.5
49.1,27.8,25.5,34.7,22.5,32.4
49.1,28.3,15.5,32.3,41.6,28.9
48.7,29.2,32.6,22.8,33.3,28.6
49.1,27.1,33.7,26.0,28.6,21.0
49.6,29.9,32.3,23.2,28.2,28.1
49.6,29.4,26.7,17.9,43.3,21.6
48.7,27.4,27.3,26.3,40.2,26.3
49.6,28.5,20.4,33.7,35.7,21.2
48.7,28.8,14.6,30.6,41.0,14.9
48.7,28.6,31.3,19.2,48.0,15.6
49.1,27.0,24.5,26.3,48.0,17.8
49.1,30.4,26.6,29.0,30.1,32.7
48.7,29.0,20.0,26.0,30.4,40.2
49.1,29.0,42.2,32.4,24.5,18.8
48.7,28.3,16.2,22.7,51.5,18.4
49.6,24.9,40.4,11.2,35.8,26.2
49.6,27.9,24.2,22.5,32.3,28.9
49.1,27.0,33.7,42.4,18.0,15.6
49.1,30.2,22.2,18.4,12.1,29.6
48.2,28.3,23.4,21.6,17.8,51.5
48.7,20.6,33.0,35.1,17.2,30.6
48.7,27.8,50.0,26.5,13.9,25.3
48.2,22.8,26.2,33.0,27.1,33.0
49.1,28.6,17.2,19.0,9.1,23.8
48.7,29.8,46.6,17.5,31.1,15.6
48.2,17.4,23.5,30.6,32.0,24.2
50.1,30.1,31.7,25.3,31.1,27.0
49.6,26.0,22.7,26.7,27.3,34.0
48.7,28.1,25.3,31.0,34.3,29.6
49.6,29.2,28.3,44.6,17.0,22.9
49.1,28.6,23.2,28.7,35.0,33.0
49.1,28.1,32.0,28.3,30.5,32.6
48.7,29.6,28.4,23.5,23.3,50.5
49.6,30.3,31.7,27.8,35.0,22.4
48.7,31.0,41.4,21.8,35.4,13.0
48.7,28.3,38.8,16.3,29.6,28.6
48.2,27.2,24.7,16.5,18.0,52.5
48.7,28.6,23.2,29.3,15.8,50.0
48.2,28.0,32.3,41.6,17.5,20.4
48.7,29.2,22.2,49.0,23.3,21.4
49.1,27.8,20.4,48.0,22.3,19.0
49.1,28.0,28.0,50.0,13.3,27.7
48.2,28.8,27.3,27.3,36.6,32.0
48.7,27.7,25.5,28.7,22.4,35.0
48.7,28.7,35.7,35.7,17.6,20.2
49.1,30.1,14.3,34.0,38.8,26.7
48.7,27.9,24.0,22.0,16.3,52.1
49.1,26.4,34.3,24.0,30.0,19.1
48.7,28.5,19.0,7.1,9.9,29.5
49.1,28.4,20.6,12.0,39.8,39.0
48.7,26.3,26.7,31.4,26.7,37.8
48.2,29.4,17.2,22.0,54.0,19.4
48.7,29.3,33.0,30.0,30.0,29.4
49.6,29.3,16.0,23.2,23.5,50.5
48.2,27.9,19.2,21.6,21.0,55.3
49.1,27.6,36.4,24.5,34.7,30.0
49.1,29.8,40.0,17.9,27.8,28.0
48.7,29.6,29.6,32.3,26.0,29.6
48.7,29.0,26.0,16.2,52.5,18.6
49.1,29.6,32.6,20.2,31.0,28.0
49.6,28.0,31.3,9.9,25.7,14.9
48.2,30.6,22.4,28.4,36.0,24.5
49.6,30.2,34.3,20.8,37.4,27.5
49.1,28.9,31.7,13.4,47.1,22.8
49.1,30.7,23.5,26.0,36.6,31.1
49.1,28.5,20.0,37.4,29.0,27.6
48.2,30.7,21.9,36.0,21.0,31.7
49.1,28.9,24.2,46.9,24.0,16.2
48.2,27.5,25.5,24.0,33.0,19.4
48.2,28.3,26.5,19.0,54.5,14.0
48.2,27.5,34.0,29.3,18.0,35.4
49.1,29.0,24.2,34.7,33.3,22.8
48.7,20.9,22.7,14.0,36.4,23.8
48.7,27.4,29.0,28.0,28.0,35.0
49.6,30.1,27.3,19.4,31.7,37.3
48.2,27.7,25.3,33.3,31.7,30.0
48.7,29.4,31.3,24.0,33.0,24.0
48.7,28.6,46.8,29.0,27.2,24.1
50.1,29.8,40.2,18.0,40.0,17.2
49.1,29.2,35.7,24.0,28.3,29.6
49.1,30.5,48.0,24.0,23.2,25.7
50.1,28.8,24.0,34.0,27.6,29.3
48.7,29.4,37.8,26.0,22.2,25.3
48.7,28.1,34.3,27.8,24.0,28.7
49.1,30.0,32.4,34.3,26.3,26.7
49.1,27.9,20.4,30.3,33.3,30.4
49.1,28.6,25.3,33.7,13.4,35.3
50.1,28.0,26.3,28.3,19.0,47.4
49.1,29.5,29.9,35.0,30.4,17.3
49.6,28.5,25.2,54.1,23.8,14.1
49.1,28.0,27.0,34.3,27.8,26.5
49.6,29.4,36.0,36.0,24.2,25.5
49.1,30.2,24.5,48.5,22.1,31.7
49.6,29.3,20.0,50.5,16.5,27.6
48.2,28.6,16.0,27.3,32.3,37.0
47.2,28.6,18.7,39.4,21.2,33.0
48.7,28.8,15.3,43.7,24.8,32.4
49.6,29.4,13.4,42.7,22.9,31.1
49.1,27.7,27.1,32.0,13.0,35.4
48.2,30.6,40.4,24.3,27.3,28.6
49.1,29.1,27.4,23.5,33.3,21.0
48.2,27.7,38.1,18.0,27.7,19.8
48.2,28.7,24.5,45.7,19.6,22.9
48.7,26.8,24.2,31.7,18.2,39.8
49.1,28.4,25.3,29.7,28.7,36.7
49.6,27.7,37.8,27.8,23.0,21.2
49.1,30.3,27.8,32.4,29.3,30.7
48.2,28.6,28.4,24.5,45.8,11.1
48.7,29.1,27.8,19.0,21.2,34.0
49.1,30.0,26.2,33.7,28.6,28.9
49.1,27.3,23.8,25.0,26.3,41.9
49.1,29.5,14.3,30.3,39.0,23.7
49.1,27.5,14.1,51.0,25.0,23.5
49.1,28.4,35.3,31.6,23.2,18.6
48.2,27.0,35.3,24.2,24.0,29.9
49.6,27.5,30.5,31.3,24.2,28.0
48.7,30.8,26.8,46.5,39.4,30.9
48.2,27.9,35.0,19.6,30.6,27.3
49.1,27.9,28.6,19.6,34.0,32.3
49.1,28.7,29.1,28.9,26.5,23.2
48.7,31.7,23.2,18.8,41.2,22.5
48.7,26.9,20.0,22.3,44.3,16.2
48.2,26.5,21.0,20.0,49.5,18.4
49.1,26.6,24.0,27.8,25.8,25.5
49.1,27.4,19.1,13.1,49.0,19.8
48.7,26.9,22.7,25.5,35.3,16.0
48.2,26.5,11.7,21.0,51.0,20.8
49.1,25.6,18.1,22.2,25.0,34.7
49.1,26.8,31.3,20.2,26.5,22.9
48.7,22.5,27.7,20.6,51.5,12.4
49.1,27.3,35.7,21.0,23.8,21.3
48.7,25.4,19.0,15.8,17.8,14.9
49.6,25.3,37.4,26.7,29.7,19.0
48.7,26.4,35.4,20.2,27.7,24.0
49.1,26.1,20.4,21.8,28.7,34.3
48.7,26.2,22.3,30.7,20.0,39.0
49.6,24.9,22.2,29.0,21.6,37.3
47.7,26.2,13.1,18.9,31.0,37.6
48.7,26.0,15.0,27.3,37.0,23.2
49.1,26.3,16.2,25.5,52.0,13.1
49.6,26.5,19.2,25.2,41.7,15.2
49.6,24.6,28.6,24.7,23.0,27.5
48.7,26.5,23.8,23.3,31.3,31.0
47.7,12.8,27.6,31.1,25.5,21.2
47.7,27.5,34.7,13.1,17.8,33.7
48.7,26.1,14.3,52.0,19.0,19.0
48.2,23.8,13.1,34.3,37.3,26.9
48.2,26.4,16.5,52.0,18.2,22.1
48.7,25.8,14.3,19.0,26.0,49.5
47.7,26.4,19.4,16.7,22.9,47.9
48.7,25.3,17.0,29.6,28.6,26.5
48.2,26.9,25.0,36.6,21.2,24.5
48.7,27.6,26.5,29.9,20.6,20.8
48.2,29.2,32.0,18.8,22.4,34.7
47.7,26.8,18.2,13.0,23.5,44.1
47.7,0.5,9.9,13.9,5.1,16.8
47.7,26.5,23.5,38.0,22.1,25.8
48.2,25.6,29.3,12.2,20.6,39.4
47.2,24.7,26.3,30.0,34.7,18.8
47.7,24.9,31.0,11.1,29.2,27.8
48.7,24.6,37.3,19.6,24.0,27.6
48.2,26.6,47.4,22.4,6.9,24.2
48.2,26.8,32.4,34.3,13.0,26.0
47.2,26.4,19.4,37.0,28.2,24.0
48.7,24.7,22.0,27.3,11.5,35.6
47.7,26.9,27.0,21.8,35.0,20.4
47.7,26.3,28.0,20.4,37.3,24.0
47.7,23.3,44.4,18.2,17.6,24.0
48.7,26.3,23.5,27.3,16.8,29.7
48.2,29.3,24.5,20.4,23.6,44.1
47.2,28.1,22.9,39.8,20.4,29.4
47.7,24.7,29.0,12.7,36.7,24.7
48.7,28.5,35.6,20.2,31.6,24.0
48.7,26.2,30.6,11.1,33.3,26.7
48.7,27.0,20.2,9.1,45.4,25.3
48.2,24.9,25.3,19.2,23.8,34.3
49.1,21.0,20.4,37.3,16.8,31.0
48.2,28.3,16.8,34.4,27.3,27.0
47.7,26.0,23.5,38.4,29.3,14.4
47.7,23.3,20.2,17.2,49.0,17.8
48.2,27.3,26.7,23.8,44.0,20.8
49.1,26.4,22.4,20.8,25.0,36.2
47.7,25.8,14.6,29.6,19.4,41.7
48.2,25.3,21.1,34.7,12.8,34.6
48.7,28.0,31.6,33.7,19.6,18.8
48.2,26.6,39.4,19.4,18.2,23.9
47.7,27.9,38.4,21.0,16.0,29.0
49.1,30.4,29.8,20.4,22.0,39.2
48.2,24.0,20.0,26.7,19.6,36.4
48.7,25.6,24.7,27.2,31.6,20.0
49.1,27.4,27.0,22.2,27.8,31.7
48.7,28.0,26.8,25.0,34.3,18.6
47.7,27.2,26.8,14.3,17.7,46.5
49.1,26.6,17.5,22.3,32.0,30.3
48.7,26.0,17.3,16.2,17.3,15.0
48.2,26.1,33.3,22.4,33.3,11.9
48.2,26.3,32.3,28.8,21.2,22.2
48.7,26.7,37.4,21.6,24.8,25.2
47.7,25.0,27.7,16.5,28.6,34.0
47.7,28.1,16.0,28.9,6.0,50.0
48.7,26.7,23.7,32.7,17.3,31.7
47.7,23.8,32.0,28.4,17.8,28.4
47.7,27.2,28.9,26.3,22.1,24.2
49.1,26.2,26.3,32.0,19.6,18.2
48.2,27.4,28.4,28.9,26.5,21.8
47.2,25.4,51.5,14.9,24.8,11.0
48.7,24.9,37.1,17.0,30.0,25.0
48.7,26.3,37.8,16.3,35.4,20.2
47.7,27.7,16.2,13.5,51.5,20.8
47.7,27.6,20.4,18.4,47.1,20.8
48.2,26.3,17.2,18.0,52.8,18.7
47.7,24.2,22.1,25.5,36.4,30.4
48.2,26.1,16.3,15.7,55.4,18.2
48.2,29.3,10.4,26.5,34.0,24.3
49.1,25.3,14.0,17.8,30.3,17.3
47.7,26.6,23.7,22.5,34.7,27.9
47.7,27.8,26.7,30.9,27.7,21.6
48.2,26.0,19.4,26.7,38.9,20.0
47.7,26.0,20.2,27.7,34.7,29.0
48.2,29.0,17.9,25.7,18.4,29.9
47.7,27.7,20.0,27.3,22.0,36.6
48.7,25.2,32.0,28.4,27.0,20.0
47.7,25.5,34.7,28.9,25.5,13.0
49.6,27.9,26.5,36.1,24.0,31.3
48.2,0.0,17.0,27.2,16.0,32.7
48.2,25.5,10.3,24.8,26.3,39.2
47.7,19.5,23.0,13.9,53.5,19.0
47.7,29.7,22.4,33.7,22.8,26.3
47.2,26.7,21.2,16.8,33.7,31.3
48.2,28.9,20.8,24.8,24.8,23.8
48.7,26.2,22.7,37.6,25.2,18.4
49.1,24.0,27.6,34.7,24.7,26.0
48.2,26.6,15.2,33.7,28.0,30.3
47.7,16.0,26.3,27.5,20.8,34.0
47.2,29.4,18.4,20.8,15.7,14.9
46.2,16.6,31.0,15.8,26.8,29.0
47.7,25.5,26.7,23.2,28.3,26.0
48.2,26.1,32.0,18.2,27.5,22.7
47.2,25.1,24.2,36.0,26.5,13.0
48.2,27.0,30.7,22.7,27.1,18.0
48.2,26.1,50.0,22.0,9.9,28.0
48.2,27.8,28.0,21.2,24.5,32.7
47.7,27.3,39.0,24.8,19.0,18.9
47.7,26.9,31.2,23.5,21.4,24.7
48.2,27.0,32.3,19.4,19.0,33.3
48.2,26.0,32.7,25.7,24.0,26.0
47.7,23.7,28.7,19.6,23.2,34.3
48.2,19.6,33.3,32.3,18.8,14.0
47.7,27.2,34.3,20.2,29.3,17.5
48.7,24.4,26.0,20.6,44.1,9.2
47.7,25.1,33.0,28.9,30.8,22.8
48.2,25.3,15.3,17.5,44.2,26.7
48.2,27.0,21.2,18.8,30.4,40.4
47.2,25.1,15.8,20.0,13.3,49.5
48.2,26.3,20.4,22.2,21.8,46.5
48.7,24.6,41.4,23.5,24.3,20.2
48.2,26.9,13.3,20.6,36.6,31.0
47.7,25.8,35.1,15.3,21.8,24.8
49.1,26.9,34.0,12.6,34.0,21.6
48.2,24.6,30.9,25.0,23.2,26.2
48.2,24.6,41.6,14.7,20.8,32.7
48.7,25.4,16.8,29.0,21.4,32.0
49.1,25.3,21.2,34.3,25.0,21.2
47.7,26.4,22.7,17.1,49.5,13.4
48.2,28.2,17.0,13.5,49.5,26.5
48.2,25.6,29.2,23.2,19.0,29.0
48.2,33.1,17.0,36.7,27.7,25.5
48.2,26.2,25.8,29.7,21.9,26.7
47.7,26.6,6.0,29.9,48.5,18.0
48.2,25.2,18.2,31.0,24.3,30.3
48.7,27.0,7.1,23.5,15.2,16.0
48.2,27.4,35.4,33.3,14.0,18.8
48.2,27.1,25.5,20.2,38.6,20.2
48.2,26.2,32.6,24.0,21.4,22.8
48.2,26.7,48.0,14.7,20.2,21.0
48.7,26.8,33.3,18.2,34.7,19.4
47.7,26.4,26.7,37.8,21.4,13.1
48.7,24.6,24.5,37.3,28.7,16.3
47.7,26.1,26.3,11.2,46.5,15.5
49.1,28.0,25.5,17.2,44.0,16.3
47.2,26.0,23.0,16.0,49.5,19.6
48.7,24.9,24.7,30.9,26.7,21.4
47.7,23.3,30.7,27.3,15.2,11.2
47.2,25.6,17.8,43.6,22.5,22.0
48.2,26.6,17.2,13.9,27.7,42.4
48.2,25.4,22.8,15.2,31.0,33.3
47.2,26.1,26.3,24.8,21.9,32.0
48.2,25.4,54.9,15.5,21.2,19.6
48.7,27.1,32.0,19.0,19.4,29.3
47.7,27.0,22.7,28.4,37.6,13.0
48.2,24.3,15.8,27.9,47.9,13.0
47.2,25.6,13.0,24.5,51.5,13.1
47.7,27.5,27.8,10.1,52.9,14.7
47.7,25.2,40.4,16.0,27.7,19.8
48.2,23.5,52.5,18.3,18.8,17.2
48.7,25.7,54.5,16.5,20.4,22.0
47.7,25.9,14.1,13.3,52.0,25.0
48.2,25.1,26.0,30.7,22.0,32.0
48.7,24.7,16.0,25.5,13.3,45.1
47.7,25.1,23.3,52.0,17.2,14.0
48.2,25.5,32.0,31.7,35.7,14.3
48.2,26.4,23.7,20.4,27.0,32.0
48.2,27.0,24.7,20.0,29.7,26.8
47.7,27.1,16.2,26.7,20.4,40.8
48.2,26.9,17.8,50.0,21.6,25.5
47.7,25.0,15.2,23.0,21.0,20.0
46.7,25.3,19.6,45.6,20.0,19.2
47.2,24.1,27.8,40.4,21.6,20.6
48.2,7.9,16.2,35.7,27.7,24.2
46.7,26.0,25.5,21.8,28.6,20.8
47.2,27.2,28.4,16.8,31.6,25.5
47.2,25.4,27.0,19.0,41.8,13.9
47.7,25.6,24.0,27.7,40.2,13.1
48.2,25.1,19.0,40.6,23.8,20.0
47.7,27.0,25.0,44.8,26.0,17.5
47.7,24.9,18.4,37.3,30.4,23.8
47.7,24.6,46.9,22.2,19.0,13.3
48.2,27.4,30.6,24.2,21.6,15.5
46.7,27.5,17.5,53.8,17.2,17.7
47.2,27.3,15.5,51.5,13.3,22.0
47.7,27.3,19.6,50.5,18.0,17.0
48.2,28.4,19.2,49.0,16.2,20.6
47.7,26.5,28.1,21.1,29.6,24.8
46.7,24.7,31.3,19.6,25.0,28.2
47.2,29.2,19.8,28.8,24.0,30.7
47.2,25.9,32.7,21.6,15.6,32.0
47.2,1.0,0.0,0.0,0.0,1.0
46.2,25.4,23.0,18.2,12.5,43.0
47.2,26.6,24.7,14.3,22.0,36.0
46.7,25.4,35.4,26.8,22.8,18.6
47.7,25.4,51.5,16.2,24.0,10.1
48.2,27.7,28.0,29.9,21.2,21.4
47.2,25.8,45.5,18.8,17.3,18.2
47.2,27.7,39.6,24.2,16.3,19.2
47.2,25.6,54.1,20.6,14.0,19.8
46.7,26.6,20.2,23.0,41.4,18.6
47.2,26.1,23.0,23.8,23.2,33.0
47.7,26.6,21.6,30.6,19.6,30.1
48.7,22.3,25.8,46.5,21.6,9.1
48.7,29.9,50.0,5.2,29.7,17.2
47.7,14.2,18.6,38.0,16.2,23.7
47.7,25.4,50.5,12.9,16.2,21.0
46.7,25.1,46.3,15.0,22.8,20.2
47.2,25.7,33.0,24.2,33.3,14.6
48.2,26.6,24.0,6.1,29.4,43.4
47.2,29.1,27.6,20.8,36.3,29.3
46.7,26.3,27.5,27.7,27.3,24.0
47.2,25.3,31.3,14.9,40.6,20.6
47.2,24.7,27.3,26.0,25.5,23.2
47.2,24.9,28.7,34.7,18.2,20.4
46.7,26.1,39.6,18.6,20.2,27.2
47.7,26.2,28.3,16.5,31.7,23.2
47.2,25.8,15.8,13.0,10.3,33.3
47.2,1.3,12.2,17.6,15.7,36.5
47.2,27.8,19.0,19.0,23.8,46.6
47.2,25.8,17.2,34.3,36.0,16.5
48.2,26.1,21.0,20.8,28.0,30.4
47.7,27.3,51.0,17.3,22.2,13.1
47.2,26.3,41.4,20.0,21.4,20.0
47.7,27.2,24.0,23.5,29.4,30.2
46.7,25.2,21.9,8.9,47.6,25.7
47.2,26.9,33.7,16.0,34.3,23.0
47.7,25.5,21.4,50.5,21.0,6.9
47.7,26.1,28.9,21.0,28.6,24.2
46.7,25.0,51.9,26.0,18.6,16.2
47.2,28.7,27.8,18.6,25.3,33.6
48.2,26.9,31.3,33.3,22.4,17.3
47.7,26.3,33.7,32.4,20.4,25.3
47.2,24.8,45.5,25.0,13.5,22.0
47.7,26.1,33.0,20.2,26.0,26.5
48.2,25.0,30.6,25.0,23.8,29.3
47.2,26.6,28.6,21.8,38.2,17.3
48.2,25.9,54.3,14.0,18.5,14.4
47.7,27.3,37.6,17.0,15.8,14.6
48.2,26.1,51.9,10.2,18.2,22.7
47.7,28.4,15.5,10.7,17.2,32.4
46.2,27.0,23.0,18.0,14.4,49.5
46.7,27.9,11.2,22.0,17.5,52.9
47.2,26.6,27.0,8.5,19.8,40.8
47.7,26.2,27.3,23.8,24.7,26.5
47.2,25.7,26.0,31.3,29.7,22.2
47.2,26.4,25.5,16.0,42.4,17.7
48.2,26.4,22.4,15.0,51.0,19.8
47.2,27.1,22.0,14.4,50.0,17.2
47.7,26.6,49.0,23.5,23.8,12.4
47.7,24.7,26.5,18.8,19.8,35.4
47.2,26.1,28.7,14.3,24.0,33.7
48.2,25.8,42.4,17.6,19.4,19.8
47.2,5.5,0.0,1.0,8.0,5.0
47.2,24.3,24.7,41.6,17.8,25.5
46.7,26.3,22.4,34.0,26.3,15.0
46.2,26.8,21.4,23.8,42.2,21.4
47.2,28.5,26.0,32.0,19.2,23.7
47.2,25.4,15.0,29.7,23.3,35.8
47.2,25.6,29.7,9.1,24.7,34.7
46.2,28.1,34.4,16.5,33.3,22.1
46.7,27.1,40.4,20.2,28.0,17.0
47.2,27.5,32.7,28.3,13.1,28.3
47.2,25.9,35.9,33.3,14.1,28.0
47.7,25.6,17.6,23.8,48.5,18.6
45.7,27.2,27.0,33.0,30.0,14.6
46.2,26.2,31.0,20.2,31.0,14.3
47.7,26.3,34.7,26.0,31.7,9.2
47.2,27.4,25.5,10.2,29.9,39.0
47.7,24.2,33.7,8.9,22.0,37.1
47.7,26.8,21.4,16.0,19.6,44.9
47.2,27.1,27.8,14.3,26.5,46.2
46.7,26.2,28.4,25.3,27.6,24.5
46.2,27.8,0.0,10.0,2.0,6.9
46.2,25.6,15.0,25.0,16.0,45.9
46.7,25.7,14.4,42.4,15.5,26.7
47.7,24.5,13.3,22.7,16.3,51.5
47.2,26.1,14.0,23.7,16.2,51.0
46.7,25.0,11.1,25.0,43.8,24.5
47.7,28.7,37.3,21.4,27.0,19.8
46.7,26.9,34.7,21.8,24.5,33.0
47.7,24.8,16.2,22.4,38.6,25.0
47.2,26.6,25.5,16.8,29.0,38.6
45.7,18.1,0.0,0.0,4.0,0.0
45.2,25.6,24.0,12.1,11.1,11.0
48.2,27.0,21.4,15.7,46.9,18.4
46.7,26.1,30.1,16.2,38.5,23.1
46.7,26.6,19.4,17.8,43.7,21.8
45.7,26.3,14.7,16.0,46.2,25.5
47.2,25.8,20.4,14.3,50.0,17.5
46.7,25.1,30.2,14.0,30.7,28.4
46.7,24.1,21.9,17.8,49.5,13.8
47.7,26.3,25.2,15.0,32.0,33.3
47.2,25.8,31.0,19.4,19.0,35.3
45.7,15.9,26.5,27.0,23.8,27.3
47.2,26.3,30.6,12.5,28.7,26.5
47.7,19.6,33.0,34.7,16.5,21.4
47.2,25.1,36.5,17.5,23.0,26.0
48.7,27.6,46.3,10.0,26.2,24.5
47.7,20.7,22.9,17.8,32.7,26.5
46.7,26.9,23.7,25.2,21.3,26.8
47.7,20.4,22.4,24.0,27.0,24.5
47.7,25.8,13.0,10.1,32.3,22.0
46.7,25.8,23.0,38.6,22.4,19.0
47.2,15.9,18.4,21.2,26.5,21.9
46.7,26.5,25.7,16.3,31.6,32.0
47.2,23.9,28.7,18.9,23.5,33.3
46.2,26.1,20.0,28.7,37.6,17.3
47.2,26.0,38.8,13.9,27.7,21.8
47.2,25.9,18.2,8.1,8.1,12.7
47.7,26.3,32.0,20.0,27.7,26.8
46.7,24.9,22.7,15.0,45.9,18.6
47.2,24.6,13.3,26.7,24.2,41.8
48.2,24.7,13.9,20.2,28.0,42.0
46.7,27.7,17.3,26.5,26.2,35.8
47.2,24.7,28.6,19.4,30.3,21.2
47.2,5.5,16.8,26.0,23.1,23.7
48.2,26.0,22.7,48.0,21.4,10.1
46.7,26.1,17.8,34.0,22.2,32.7
46.7,27.3,16.7,31.0,19.6,24.2
48.2,26.0,28.7,28.7,23.3,22.0
47.2,23.1,17.3,31.4,26.0,31.0
47.2,27.6,35.6,27.0,23.5,27.7
47.2,27.1,29.3,28.0,18.2,33.3
48.2,27.1,5.8,7.0,3.0,3.9
46.7,26.8,39.2,27.7,21.2,11.1
46.2,28.1,13.5,37.1,21.4,30.3
47.2,26.6,22.8,32.0,21.2,25.3
48.2,28.7,20.0,27.6,32.4,24.0
47.7,26.3,24.0,32.3,31.3,15.2
47.2,26.2,23.3,33.7,32.3,15.3
47.2,25.9,25.8,15.3,20.2,37.4
47.7,26.4,22.2,14.0,28.3,33.0
47.7,26.7,20.8,23.7,28.3,34.3
47.7,26.3,23.8,13.5,21.4,42.4
47.2,26.6,17.8,26.3,17.6,48.0
48.2,27.9,15.3,25.0,31.7,37.6
47.7,26.4,17.0,18.2,29.9,14.0
47.2,26.5,28.1,21.8,28.0,22.7
46.7,23.8,26.7,27.0,22.7,31.0
47.2,26.9,17.7,28.9,18.2,29.3
47.7,25.4,29.0,24.2,21.4,24.2
47.2,24.0,43.3,16.3,8.2,28.9
47.2,25.5,23.2,41.0,27.7,14.9
47.7,25.7,27.3,29.0,13.7,37.5
47.7,26.0,24.5,21.0,15.2,50.5
47.2,25.8,14.6,13.3,12.2,35.3
46.7,24.0,23.3,26.3,15.8,35.4
46.7,25.0,23.0,37.4,20.8,19.4
48.2,25.9,22.0,18.2,46.0,29.0
47.7,25.6,19.2,26.5,27.3,34.7
46.7,26.6,24.2,25.8,30.0,23.5
47.7,26.3,24.2,49.0,18.4,8.3
47.7,27.5,24.8,35.4,25.3,16.5
47.7,26.0,30.4,36.6,21.2,19.2
47.2,25.4,21.4,28.3,28.0,30.0
47.2,27.3,19.4,27.3,25.0,36.0
47.7,25.8,19.8,49.0,27.6,12.0
47.7,26.5,42.6,19.2,20.2,21.8
48.2,26.1,25.0,9.6,19.8,17.2
47.7,27.3,26.5,28.3,23.7,29.7
47.2,27.4,28.6,26.0,29.6,24.3
48.2,1.5,5.1,9.0,16.2,12.0
46.7,27.6,11.2,26.2,19.2,50.5
46.7,27.4,19.6,17.2,13.9,47.1
48.2,26.4,11.1,25.5,19.2,51.5
47.7,25.7,17.0,17.0,18.4,52.4
47.2,25.3,29.0,10.0,39.6,24.7
47.7,25.6,36.0,23.7,26.0,18.8
47.2,26.7,24.5,24.0,22.4,33.0
47.7,26.0,14.3,35.7,20.6,31.3
48.7,19.4,26.5,26.8,25.5,23.2
47.2,26.9,28.3,27.2,33.3,29.3
48.2,26.6,16.3,22.2,25.5,20.2
47.7,26.7,19.2,20.6,40.0,19.8
47.7,24.9,42.3,23.8,21.2,13.0
47.7,25.9,22.2,30.1,32.0,22.5
47.2,26.9,20.0,25.7,38.4,18.9
46.7,24.8,12.2,26.7,51.0,16.3
47.7,26.1,8.2,23.2,42.0,25.5
47.2,26.1,16.0,19.2,14.1,55.0
47.7,26.2,16.8,18.8,16.5,53.0
47.2,13.9,17.2,17.2,15.6,44.1
47.2,26.9,15.2,16.8,25.3,42.0
48.7,26.4,34.7,23.2,22.7,24.8
46.2,19.3,39.4,26.5,24.5,10.5
46.2,25.9,41.7,14.1,20.4,22.0
46.7,26.8,38.1,18.6,24.0,31.0
46.2,27.0,41.2,23.0,14.4,30.1
47.7,26.9,35.1,25.3,21.6,23.2
46.7,28.5,37.1,18.7,14.6,30.7
47.2,26.7,19.0,49.5,12.9,27.0
46.2,26.1,18.2,32.7,38.0,21.0
47.7,27.2,18.6,27.3,32.0,21.6
47.2,26.4,33.0,22.2,25.3,25.5
47.7,29.5,16.2,24.0,18.8,51.0
47.2,25.3,11.2,15.2,18.4,24.5
47.7,26.3,16.5,24.5,30.3,35.0
46.7,26.5,29.7,25.7,10.1,49.0
47.7,25.3,24.0,25.3,15.8,31.2
47.2,27.7,17.2,19.2,10.2,55.1
47.7,25.4,29.3,31.3,19.2,23.5
47.7,27.7,12.6,24.3,21.9,38.1
46.7,25.4,19.2,25.7,32.7,33.7
48.2,27.2,13.9,11.9,19.2,19.0
46.2,26.0,32.0,27.0,14.6,32.7
46.7,28.1,13.9,14.9,15.3,15.8
46.2,28.2,21.0,24.5,12.7,49.0
46.7,27.0,24.8,51.0,15.0,13.4
47.2,25.3,23.2,29.7,27.7,25.5
46.7,26.3,12.6,33.3,26.3,31.4
46.7,25.9,20.4,29.3,27.1,24.8
46.2,26.7,30.0,23.5,28.3,17.3
46.7,27.1,19.6,26.7,35.0,24.7
47.2,26.4,32.0,22.7,39.0,15.0
46.2,24.7,44.1,25.0,9.4,18.4
46.7,27.0,28.6,23.7,31.0,21.0
47.7,27.4,26.5,25.3,28.7,26.7
47.2,25.3,19.8,32.4,30.9,32.7
47.7,11.1,1.0,0.0,0.0,0.0
45.2,25.9,15.5,51.5,12.2,26.9
45.7,26.4,24.8,43.3,15.2,19.6
47.7,25.6,13.3,23.0,37.0,28.2
46.7,27.1,22.1,47.5,16.0,27.5
47.2,26.8,24.2,46.5,12.1,18.4
46.7,25.6,18.9,34.7,15.0,31.3
46.7,24.3,24.2,18.6,17.2,49.0
47.2,26.9,21.0,24.0,24.0,46.5
46.7,27.3,24.5,26.0,30.3,24.2
48.2,26.4,14.9,21.0,28.6,36.7
47.7,24.6,14.3,20.2,16.0,37.8
47.2,25.0,22.8,40.4,26.0,23.5
46.7,7.4,1.0,0.0,1.0,0.0
46.7,26.7,29.0,17.7,31.7,28.6
46.7,25.6,23.2,14.3,51.5,16.5
47.2,24.7,17.7,29.2,30.4,17.8
48.2,24.4,13.3,20.8,49.0,13.3
48.2,22.8,27.0,23.3,34.0,22.0
46.2,25.2,15.0,39.0,31.7,19.4
47.7,25.1,22.7,19.0,33.3,28.7
47.2,25.3,9.2,21.4,47.4,22.0
47.2,26.0,16.0,16.5,51.5,23.2
47.2,13.5,14.9,49.0,17.8,25.0
48.2,22.6,15.8,30.7,36.0,24.0
48.2,29.4,17.7,32.0,26.0,38.8
47.7,26.6,35.6,25.7,22.3,23.0
45.7,27.8,43.6,23.0,17.0,20.4
46.2,26.2,29.0,22.0,21.6,27.8
46.7,25.4,16.3,22.5,33.3,30.9
47.2,26.1,31.1,15.8,35.0,26.3
47.2,27.4,21.1,17.3,15.8,50.9
47.2,27.7,23.0,29.4,24.5,36.3
47.2,25.4,11.1,52.5,31.1,16.3
46.2,24.6,16.2,29.6,39.0,17.6
46.7,27.1,18.6,47.0,17.3,20.8
47.2,26.3,1.0,7.1,1.0,0.0
47.2,28.1,26.5,16.3,45.8,20.6
47.2,25.6,13.0,23.2,42.4,26.7
46.2,26.7,16.0,31.7,33.0,21.4
47.7,24.8,31.0,20.6,31.3,27.2
47.2,26.7,27.4,20.2,21.8,26.5
46.2,25.6,32.0,27.3,26.8,18.4
46.7,25.9,22.2,17.6,51.5,10.0
47.2,27.6,34.4,20.6,28.1,17.0
46.2,26.2,32.0,25.7,23.5,26.0
46.7,22.1,27.7,27.7,11.9,21.4
46.2,26.2,22.2,34.0,20.0,21.1
47.2,9.2,1.0,5.0,0.0,0.0
45.2,25.6,43.4,26.5,24.0,8.0
46.7,24.4,19.8,28.0,25.7,34.0
46.2,26.6,25.3,34.0,16.3,25.3
46.7,27.2,18.8,20.2,33.7,30.0
48.2,25.0,30.3,21.8,21.6,27.6
46.2,27.8,26.0,29.0,22.7,32.0
46.7,28.6,33.0,27.6,17.3,30.3
46.7,26.9,16.5,14.0,44.6,29.0
47.2,26.1,28.9,36.3,26.0,20.8
48.2,26.0,25.0,39.4,26.0,17.0
47.2,26.4,22.8,27.0,23.7,32.7
46.2,25.4,40.8,25.7,19.6,19.0
47.2,27.1,18.4,16.5,22.4,49.5
47.2,25.5,38.1,9.2,30.4,26.0
46.7,27.4,50.5,21.4,16.2,19.2
46.2,26.4,23.7,19.6,28.1,27.3
47.2,25.9,36.6,32.0,14.7,26.0
45.7,27.5,20.4,29.7,28.7,28.0
46.7,28.7,27.1,35.6,28.6,17.8
47.2,25.3,20.2,20.0,17.0,11.2
47.2,26.1,33.0,11.1,25.7,36.4
45.7,28.1,33.7,21.6,27.8,24.2
46.2,26.9,26.5,10.0,36.4,30.6
47.7,25.6,26.0,12.9,26.6,34.3
46.7,25.3,29.7,13.9,23.5,43.4
46.7,26.2,26.5,15.0,21.0,45.8
47.2,27.4,29.8,16.0,18.8,46.9
47.2,26.9,16.3,16.2,22.4,49.5
46.7,25.2,16.5,15.5,21.4,49.0
47.2,25.4,22.3,21.0,17.2,48.5
46.2,26.3,7.2,14.0,19.2,34.7
47.7,27.2,18.6,17.8,20.0,47.5
47.7,26.3,10.1,10.1,7.1,24.8
47.2,26.3,15.0,21.0,17.7,50.5
47.2,24.9,15.6,19.4,17.5,51.5
46.7,25.4,12.0,19.0,21.4,47.0
47.2,25.9,23.2,23.5,32.4,24.7
47.2,26.4,27.0,33.0,9.2,26.7
46.7,25.1,25.5,29.4,36.6,18.0
48.2,27.7,22.1,29.1,28.0,21.9
46.7,26.1,32.0,27.7,13.0,29.5
46.2,26.2,18.4,26.3,30.3,33.7
46.7,26.9,30.3,18.6,4.0,22.4
47.7,26.4,23.5,24.2,14.3,41.0
46.2,28.8,28.7,28.7,27.0,31.1
46.7,27.4,24.2,28.6,18.4,27.4
47.2,25.8,25.0,27.7,16.8,35.8
48.2,26.7,34.0,24.7,16.2,27.7
46.7,27.8,18.8,26.5,16.7,47.4
46.7,28.0,31.6,26.5,26.0,13.4
46.7,27.2,16.5,27.0,32.4,31.0
46.2,25.4,15.5,23.0,11.2,47.5
47.2,25.7,16.2,25.2,29.5,34.7
47.2,25.1,32.3,27.3,36.3,21.8
47.7,10.2,20.4,29.3,12.2,35.9
47.7,25.3,27.6,35.6,14.0,23.5
46.2,28.3,30.7,16.2,12.9,47.5
46.7,26.6,31.7,11.3,17.6,46.9
46.7,25.4,35.1,12.0,17.0,40.2
46.2,27.1,22.7,17.0,22.8,43.6
46.7,29.4,23.5,17.3,37.3,29.0
46.7,26.8,32.3,44.0,12.0,9.6
46.2,25.6,21.4,22.2,28.2,15.8
46.7,26.4,30.6,12.4,33.7,28.2
46.7,0.8,3.0,1.0,0.0,0.0
46.2,25.7,25.8,21.2,38.6,18.4
46.7,28.5,24.7,26.3,33.7,20.8
45.7,28.3,20.0,23.2,33.3,23.8
46.2,26.2,35.3,31.6,9.2,25.8
46.7,25.1,23.2,44.9,16.2,18.2
47.2,24.2,24.5,48.0,15.2,14.3
46.7,26.6,30.8,47.9,22.0,12.5
47.2,25.0,29.1,45.8,11.0,14.0
47.2,26.3,28.6,27.2,23.5,24.0
46.2,26.4,50.5,14.6,21.0,15.3
46.7,25.4,53.8,18.8,19.8,11.1
46.7,3.3,3.1,1.0,1.0,3.0
45.2,23.7,49.0,15.2,19.0,21.0
46.7,25.8,23.0,24.5,30.9,18.8
46.2,26.0,32.0,27.5,36.3,15.2
46.2,26.6,11.3,19.6,52.5,14.9
47.7,25.5,47.4,22.5,26.5,11.3
45.2,25.8,28.6,21.8,40.6,15.3
46.7,25.2,33.7,21.2,30.0,25.3
47.2,26.5,29.5,17.8,30.3,26.2
46.7,27.1,25.7,20.0,30.7,32.7
45.7,26.6,21.2,21.2,49.0,15.2
47.7,26.0,12.2,25.0,53.0,20.0
47.2,26.1,17.2,18.0,51.0,19.0
46.2,28.4,26.3,24.5,42.6,17.2
48.2,25.9,20.8,22.4,47.6,14.1
47.7,25.6,37.0,22.0,17.0,29.3
46.7,25.8,16.5,20.6,39.4,23.5
47.2,25.3,25.3,18.0,40.2,17.0
47.2,26.8,31.7,19.4,19.4,35.0
47.7,27.4,23.5,18.6,40.8,14.9
47.2,25.9,20.0,20.0,44.8,21.7
46.7,25.1,15.6,23.5,48.0,17.0
46.7,26.0,21.2,22.2,47.5,24.0
47.2,24.2,23.5,22.1,48.5,24.0
47.2,26.4,37.0,13.3,11.9,34.4
46.7,25.3,34.7,18.6,27.7,24.7
47.2,25.5,55.6,11.0,17.2,18.6
46.7,24.8,20.8,30.5,33.7,20.4
46.7,26.6,19.4,23.0,47.5,13.0
46.7,25.3,19.6,13.8,54.3,14.1
47.7,26.0,39.0,20.0,28.4,10.2
46.7,24.8,27.6,32.0,25.7,18.9
46.7,25.1,12.0,17.3,18.0,31.6
47.7,27.0,35.0,18.8,26.5,31.0
47.2,28.5,23.2,15.0,19.2,21.8
47.7,24.8,23.5,15.3,21.4,38.4
46.2,25.9,20.4,17.6,17.0,42.6
46.7,25.9,17.7,22.8,43.0,23.7
46.7,26.3,22.3,32.0,23.7,33.3
46.7,25.4,28.0,26.7,29.0,20.6
46.7,27.0,34.0,21.9,21.8,32.4
46.7,25.0,21.2,16.3,20.8,46.4
48.2,26.5,48.5,18.6,18.2,22.4
46.7,24.8,35.7,22.4,21.4,23.7
47.7,27.6,16.2,10.2,5.2,11.7
46.2,26.5,19.4,30.6,30.3,22.0
46.2,26.8,32.4,38.8,14.0,23.1
46.2,23.7,20.4,21.0,26.3,34.0
46.7,25.6,37.4,25.0,25.7,19.0
47.2,25.1,31.7,16.2,32.4,26.3
46.7,26.1,38.6,27.5,10.4,25.0
47.2,24.2,39.6,19.2,33.3,16.0
47.2,25.3,36.7,26.7,11.9,29.7
47.7,26.8,34.0,15.2,41.5,20.0
46.7,0.5,5.9,1.0,5.9,0.0
47.2,26.6,26.5,15.3,37.0,25.8
46.7,27.1,18.8,14.1,32.3,40.2
47.2,28.0,52.9,17.2,15.0,18.6
48.2,26.0,44.9,21.8,22.5,23.6
45.7,27.2,27.7,21.2,28.3,23.0
47.2,24.9,24.5,25.0,35.1,23.3
47.2,25.5,27.7,20.2,32.7,23.0
47.2,25.6,24.5,25.7,23.2,30.3
45.7,26.3,21.2,17.7,22.5,39.2
46.7,25.9,19.8,27.2,27.3,32.7
46.2,26.5,27.4,23.2,22.3,35.0
46.7,26.8,53.5,19.2,18.4,19.8
48.2,28.1,50.0,20.8,18.3,14.0
47.7,26.5,52.5,16.1,16.0,16.2
48.2,25.1,51.0,21.6,14.6,17.3
47.2,26.3,29.6,21.6,14.0,32.6
47.7,24.6,22.7,38.8,24.8,14.0
47.2,27.4,28.6,35.4,22.5,12.0
47.7,26.5,55.1,18.6,24.5,5.0
47.7,26.4,32.0,23.2,22.0,25.0
46.7,25.6,26.3,13.1,33.3,27.0
47.7,28.0,19.8,31.0,15.8,36.4
47.7,26.4,5.1,5.9,4.0,2.0
46.2,27.5,27.3,20.8,28.7,28.4
47.2,27.3,41.8,21.2,19.0,24.0
46.7,25.3,35.4,27.2,22.9,18.2
47.7,27.5,27.4,28.0,36.0,11.1
46.7,27.0,21.6,17.0,32.0,35.2
47.2,25.2,28.4,25.3,27.0,23.5
48.7,25.4,38.0,28.3,17.0,16.5
45.7,6.4,12.0,29.7,35.1,28.3
47.7,25.8,25.0,33.7,26.2,26.3
47.7,14.5,13.0,12.7,17.2,6.1
47.2,26.3,34.7,18.4,24.5,20.8
47.7,24.4,15.3,48.5,18.8,16.5
46.7,26.6,26.3,36.7,20.4,16.2
47.2,27.5,18.2,38.6,16.2,29.3
48.2,26.2,14.4,38.2,18.0,35.0
46.2,26.6,28.3,26.3,22.2,29.6
46.7,25.6,30.6,37.6,13.4,21.4
47.7,24.7,21.2,26.7,22.5,34.0
47.7,26.8,21.8,36.3,26.8,33.7
47.2,13.7,0.0,0.0,0.0,8.9
46.2,26.4,23.0,32.3,25.7,21.6
46.7,26.0,29.3,34.3,26.0,19.0
45.7,26.7,22.0,47.9,13.9,23.5
46.2,25.6,17.5,48.5,22.2,17.0
46.7,26.4,15.3,47.5,22.8,19.4
46.2,26.1,16.3,48.0,19.4,20.8
47.7,25.7,30.7,33.0,14.0,25.3
47.2,27.1,15.6,20.4,16.8,48.0
47.2,25.3,12.4,53.3,20.8,18.6
47.7,25.7,24.5,27.0,35.9,22.9
47.2,28.8,23.2,30.3,34.6,29.8
46.7,27.6,34.7,29.0,23.3,29.2
45.2,26.2,32.7,34.3,17.5,18.8
46.7,26.1,24.0,52.0,14.9,14.9
47.7,26.4,17.3,23.0,42.6,26.3
46.2,25.5,25.7,39.8,23.5,21.2
46.7,24.7,32.0,33.7,14.0,22.0
47.2,25.9,39.2,23.0,18.4,22.7
46.2,27.3,10.8,31.7,37.4,24.5
46.2,28.3,19.6,28.6,35.7,23.3
46.2,26.8,19.8,22.0,31.4,35.0
45.7,26.5,47.5,20.0,22.5,21.9
46.2,26.1,34.3,18.2,15.3,36.4
46.2,26.5,18.8,18.0,23.8,45.0
46.2,25.6,22.5,27.5,34.4,15.6
46.2,24.4,20.0,35.0,25.5,22.0
48.2,26.6,30.1,26.3,27.3,22.7
47.7,23.9,24.0,26.3,15.0,36.1
46.2,25.7,17.8,47.4,18.2,23.2
46.2,26.6,20.2,45.5,20.0,26.7
45.7,17.7,30.9,24.8,24.5,29.0
47.2,24.1,18.4,27.8,20.8,36.3
46.2,25.8,35.9,28.3,28.7,12.2
47.2,26.3,13.9,25.7,31.0,33.3
47.2,26.4,13.3,17.5,40.8,27.5
46.2,26.3,24.5,17.6,39.0,25.7
47.2,26.8,26.0,37.0,20.6,27.0
46.7,25.9,22.2,28.8,22.4,34.3
47.2,25.9,28.3,19.2,28.7,26.7
47.2,25.7,37.1,13.0,26.7,25.3
46.7,28.3,22.4,22.3,47.5,13.5
47.2,26.4,18.2,8.3,54.5,22.0
46.7,25.6,17.6,33.7,26.5,27.5
48.2,26.8,19.4,27.4,26.5,25.5
47.7,26.6,18.4,21.6,45.0,19.4
46.2,25.1,30.0,19.2,27.0,26.5
47.7,27.5,31.7,26.3,24.8,24.0
47.2,26.8,27.0,16.5,25.7,37.4
46.7,26.3,28.9,22.5,24.2,26.5
46.7,25.2,37.6,20.4,26.0,15.7
47.2,25.1,13.0,11.9,37.3,13.0
46.7,25.9,37.5,20.2,21.0,26.0
46.2,27.4,38.4,24.0,10.3,26.7
47.2,25.8,24.8,18.2,11.5,44.6
47.7,25.4,19.1,16.5,16.2,50.9
47.2,27.8,23.5,26.5,16.2,52.5
46.7,25.4,24.8,17.3,33.7,28.1
46.2,24.1,30.7,24.5,25.3,23.2
47.7,28.4,26.7,12.9,42.9,26.5
47.7,27.5,26.8,7.9,46.5,29.0
47.2,27.3,13.0,25.5,14.1,8.0
47.2,27.5,20.2,16.3,27.6,41.6
47.7,28.0,13.3,27.2,21.0,49.0
47.2,25.6,11.0,2.0,12.9,5.9
47.2,26.2,18.4,19.2,49.5,16.3
46.2,24.3,15.2,24.7,28.4,38.6
47.2,27.6,17.6,25.0,21.2,47.9
47.2,25.8,26.7,24.5,32.3,22.2
47.2,25.4,23.5,23.0,51.0,13.0
46.7,26.0,28.3,16.0,33.3,28.3
46.2,26.1,27.4,25.7,34.0,19.8
46.2,25.4,44.3,15.4,21.4,21.8
47.7,31.6,31.6,23.8,30.4,28.4
47.2,25.8,13.7,7.0,3.0,1.0
47.2,26.3,19.4,16.0,18.2,44.0
47.2,24.8,26.7,20.0,17.2,50.5
46.2,26.8,11.2,34.3,28.2,32.4
46.7,26.5,35.3,18.3,18.2,32.0
47.7,24.9,16.5,45.5,15.2,20.0
47.7,25.9,20.4,46.5,20.0,17.5
47.7,26.8,30.1,44.4,10.2,18.8
48.2,23.6,18.4,41.2,18.0,12.5
47.2,26.3,26.3,41.2,18.4,25.7
47.2,25.7,26.5,25.3,7.1,14.4
46.7,26.7,36.1,17.3,17.6,28.0
48.2,25.9,23.5,12.2,21.2,48.0
47.2,27.6,18.4,18.0,19.4,50.5
47.2,27.6,38.0,19.6,26.2,28.3
46.2,26.6,27.5,29.7,24.2,28.7
46.2,26.3,34.0,20.0,18.6,30.6
46.7,25.3,37.1,16.2,19.6,28.1
46.7,24.8,38.2,24.2,11.2,23.0
47.7,29.0,24.8,23.0,28.4,33.7
47.7,27.3,34.7,46.6,24.5,29.7
46.2,26.4,22.7,13.5,34.3,30.4
47.2,23.7,46.1,20.8,9.1,30.7
46.2,26.7,47.6,17.6,21.1,19.6
48.2,27.0,22.0,22.4,42.3,17.5
47.7,26.9,25.8,31.3,25.7,30.6
47.7,26.6,22.2,19.4,29.4,31.0
47.2,25.7,45.8,14.0,28.7,17.3
46.7,20.7,49.5,15.0,28.0,15.3
47.2,28.3,39.4,12.9,13.1,16.5
46.7,26.6,27.3,36.6,14.4,24.8
48.2,26.6,50.0,11.1,17.2,27.6
48.2,25.1,33.3,25.0,14.4,28.0
47.7,26.6,31.0,15.5,32.7,23.2
46.2,25.6,52.0,20.4,14.7,25.5
47.7,25.7,51.0,12.9,19.4,21.0
46.7,25.5,27.6,35.9,20.2,27.5
47.7,24.8,20.4,38.0,21.8,21.8
47.2,26.4,15.2,46.5,17.8,25.0
47.7,29.5,26.3,25.3,25.8,20.0
47.7,17.2,12.7,12.1,5.0,11.2
46.7,24.2,25.3,32.0,19.0,29.0
47.7,26.4,22.8,26.8,21.6,27.1
47.2,25.8,21.4,50.0,15.2,19.0
48.2,26.1,29.8,49.5,18.0,12.2
47.7,24.9,19.4,47.5,20.2,14.1
47.7,26.8,23.2,29.0,15.6,33.3
47.2,27.4,14.1,34.3,16.8,39.6
47.2,25.3,23.0,7.0,19.8,28.0
45.7,25.6,25.7,31.3,28.3,22.4
46.7,26.3,12.1,20.2,51.0,19.6
48.2,26.6,31.0,28.7,20.2,22.7
46.7,24.5,19.6,33.7,23.2,30.0
46.2,27.2,16.2,27.0,23.0,37.6
48.2,25.1,20.2,33.3,27.3,26.3
46.2,23.6,23.8,28.6,22.8,34.0
47.7,27.3,32.7,32.7,33.3,34.3
47.2,26.7,34.0,15.0,34.0,21.8
47.7,25.7,22.3,14.3,18.2,35.4
47.2,25.6,39.0,15.7,27.0,28.3
46.7,1.5,0.0,7.9,0.0,0.0
46.2,27.5,28.7,27.6,21.6,31.0
46.7,27.0,32.4,22.8,35.3,23.0
47.2,27.0,47.5,20.2,10.2,22.4
46.7,26.4,41.5,13.9,18.8,26.9
47.2,25.7,25.5,20.0,12.2,46.5
46.7,27.9,27.8,31.4,29.7,18.0
46.7,28.2,50.0,12.2,21.6,17.2
46.2,26.9,42.0,8.2,22.1,12.4
46.7,28.0,28.3,26.8,19.6,24.5
46.7,26.9,48.5,16.8,22.0,22.2
47.7,15.5,58.7,19.0,16.5,13.0
47.7,27.1,53.5,11.0,10.9,23.8
47.2,24.9,45.5,21.0,13.9,24.0
46.7,26.9,51.5,23.5,14.1,18.6
48.2,28.0,31.3,37.0,15.5,26.4
46.7,25.8,32.7,41.0,21.0,18.4
47.2,27.4,29.9,33.7,19.8,20.0
47.7,18.0,49.5,18.4,20.2,26.0
47.2,27.0,29.4,24.0,24.2,27.6
46.2,26.3,54.8,15.6,15.4,22.2
48.2,24.6,57.0,20.4,9.1,18.4
46.7,26.7,32.1,18.4,40.9,21.6
47.2,25.1,14.0,20.6,46.9,23.8
46.7,26.9,28.0,19.8,26.2,23.0
47.2,24.3,28.0,20.8,22.8,26.5
46.7,25.2,25.0,39.0,19.8,20.2
47.2,26.3,38.0,36.3,16.7,21.2
47.7,26.1,50.0,12.5,17.7,23.8
47.7,25.4,21.9,30.1,27.6,28.1
47.7,27.0,20.8,34.7,18.4,28.0
47.2,25.9,22.5,18.6,19.8,48.9
46.2,25.5,15.8,32.0,34.3,20.8
47.2,24.7,12.5,43.1,21.4,26.2
46.7,26.3,30.7,14.0,32.7,31.0
47.2,24.8,18.2,26.0,23.8,39.6
48.2,26.0,20.4,33.7,27.7,33.0
47.2,25.6,19.6,16.2,25.0,47.0
47.7,28.5,25.5,15.2,17.7,49.0
47.2,28.2,9.0,7.9,16.5,13.0
46.2,25.6,26.3,17.0,20.8,43.6
46.7,25.0,52.5,12.0,25.3,8.4
46.7,25.1,27.1,14.3,29.3,30.0
46.7,24.9,35.4,16.0,29.4,21.2
46.7,26.7,43.9,17.2,21.8,20.0
47.2,23.6,52.5,13.4,19.0,10.1
47.2,25.9,49.5,17.2,18.2,21.0
46.7,22.0,17.5,9.1,14.1,13.3
47.2,26.4,20.0,13.7,51.0,17.8
45.2,28.7,29.2,15.7,47.5,19.8
44.8,29.0,14.1,19.2,47.5,25.5
46.7,25.3,20.0,14.1,48.5,14.4
47.7,25.8,34.3,25.3,31.3,7.0
46.7,25.1,29.0,24.5,31.3,22.8
46.7,27.4,31.4,45.2,16.2,16.0
46.7,26.3,19.4,44.9,23.8,12.4
47.2,24.6,31.3,28.3,25.5,16.0
47.7,22.3,35.7,31.0,18.8,31.6
46.7,30.8,16.1,50.5,11.9,27.7
47.7,25.8,20.4,50.5,9.2,26.0
47.2,25.9,39.0,28.0,10.2,27.0
46.2,24.2,24.0,21.8,17.2,41.0
46.7,26.1,46.5,13.1,29.5,22.0
47.7,25.6,41.8,15.0,25.0,21.2
47.7,28.2,19.8,7.9,11.0,12.7
46.2,18.7,36.9,22.0,25.7,20.8
45.2,28.3,50.5,12.5,27.6,20.2
47.7,21.6,54.1,12.4,26.7,16.2
47.2,27.8,22.3,24.3,22.8,43.6
47.2,26.8,21.2,17.0,29.3,35.9
47.2,26.5,41.4,24.0,20.8,20.2
46.7,26.6,44.3,15.7,22.0,23.5
47.2,25.0,32.3,22.7,25.7,18.8
47.2,26.4,18.6,49.5,13.1,21.4
47.2,26.9,22.1,34.0,27.1,30.3
47.7,28.0,27.6,25.7,25.7,22.0
46.7,25.6,24.2,22.2,22.8,32.4
48.2,8.5,0.0,0.0,0.0,3.0
46.2,25.8,10.2,17.0,22.0,50.5
46.2,26.5,26.7,14.4,14.1,45.5
46.2,25.1,29.0,24.2,10.1,33.7
47.7,26.3,51.5,21.6,12.1,18.4
47.2,26.8,15.0,23.8,28.3,34.0
47.2,25.9,21.9,29.9,30.3,16.2
47.2,27.6,8.2,22.2,36.7,33.0
48.2,25.8,18.0,22.0,34.0,27.3
47.2,27.4,30.6,23.5,20.0,32.0
47.2,23.2,39.4,22.7,21.0,17.8
47.2,13.9,7.8,0.0,0.0,0.0
46.7,25.3,23.7,34.6,14.1,27.3
47.2,25.6,43.1,21.2,25.7,17.5
46.2,24.9,48.0,17.6,20.4,15.0
46.7,26.6,38.1,23.5,16.0,21.2
47.7,26.5,17.7,15.8,21.2,50.0
46.7,28.1,18.0,19.2,22.5,51.5
47.2,27.1,17.3,12.2,23.8,50.0
47.2,26.6,31.6,12.6,16.8,35.0
47.7,25.7,27.3,25.5,22.3,21.2
47.2,26.1,29.0,22.0,37.8,23.0
45.7,25.7,30.3,24.5,21.8,32.3
46.2,25.8,18.8,12.2,22.2,39.4
46.2,25.4,20.2,22.9,29.4,32.4
45.2,27.2,16.5,22.2,33.0,36.4
47.7,27.8,48.0,15.5,15.5,24.0
47.2,27.9,49.5,25.2,21.0,17.2
46.7,26.8,47.4,20.0,30.2,13.3
46.7,27.5,46.5,22.4,18.8,15.0
47.2,26.1,27.1,19.2,37.0,18.0
47.2,29.0,17.3,12.2,30.0,40.4
46.7,24.5,21.0,11.8,27.6,44.6
46.2,26.1,20.8,30.7,17.0,39.6
47.7,27.4,29.4,28.0,15.3,31.7
47.2,25.8,21.6,39.8,18.8,27.0
46.7,25.9,21.0,24.0,23.8,33.0
46.2,25.2,39.8,26.7,3.1,31.6
46.2,26.5,22.2,33.7,26.5,21.0
46.2,25.4,10.1,47.1,19.0,28.3
46.7,26.1,32.0,25.3,23.8,21.4
47.7,7.3,3.0,1.0,0.0,5.2
45.7,25.3,17.3,14.7,27.4,45.5
46.2,24.7,27.6,50.5,11.0,17.0
47.2,24.4,14.4,33.3,26.5,21.4
46.7,26.3,20.8,29.9,25.7,22.4
45.7,24.2,20.2,29.0,30.6,26.7
46.2,25.3,12.0,30.6,31.1,24.0
46.7,27.1,31.1,31.6,27.7,24.5
46.2,27.0,29.0,30.3,28.0,19.2
47.2,27.2,24.5,42.4,20.8,19.4
46.7,24.6,29.7,27.0,28.9,26.0
46.2,28.4,28.4,39.2,16.3,22.8
47.2,24.8,21.8,28.4,23.5,38.6
46.7,27.3,14.0,24.0,25.0,40.0
47.2,28.2,37.0,18.0,30.9,19.6
47.7,23.4,25.7,35.9,22.8,25.0
46.7,27.2,23.8,43.4,23.5,17.8
46.7,25.7,15.2,50.0,24.0,15.3
47.2,25.1,19.0,47.1,15.3,16.2
46.7,1.8,0.0,0.0,0.0,1.0
44.8,3.2,5.1,2.0,0.0,0.0
45.2,0.8,11.2,45.8,29.1,17.0
45.7,26.1,17.0,48.5,20.4,20.8
46.2,26.6,19.4,48.5,14.1,20.2
46.2,26.5,21.8,49.0,16.2,19.4
45.7,25.2,28.0,45.6,13.3,22.2
47.7,27.7,45.5,25.5,41.6,24.0
46.2,24.7,26.8,21.6,27.3,27.3
46.7,26.6,22.0,16.3,29.3,36.3
45.7,26.3,25.3,21.0,23.8,35.0
46.2,27.3,25.5,18.8,30.0,28.4
46.7,29.4,21.4,23.0,20.0,20.4
45.7,25.9,47.1,10.3,20.8,17.3
45.7,26.9,23.2,20.6,37.8,16.2
45.2,25.4,28.6,16.0,37.0,19.4
46.2,24.6,19.4,47.2,18.6,18.0
47.2,26.9,23.7,43.4,13.3,21.2
46.2,27.2,21.6,48.5,15.8,23.3
46.7,25.7,15.2,51.0,18.8,21.6
46.7,26.7,25.0,49.0,18.8,17.0
45.2,24.6,29.1,31.6,21.4,24.2
46.7,28.6,16.2,24.5,26.5,24.3
46.7,26.1,33.0,30.3,35.0,20.8
47.2,27.1,12.8,33.7,24.5,31.4
47.2,25.5,25.3,26.5,28.6,17.8
46.2,27.8,30.4,28.7,14.4,27.6
47.7,25.5,22.5,44.1,18.8,17.8
47.2,28.0,23.7,49.5,13.7,19.4
47.7,26.3,17.0,52.0,11.0,23.8
46.7,26.1,11.2,52.9,20.0,20.8
47.2,26.4,22.2,33.7,26.5,19.6
46.7,24.3,14.1,28.7,15.3,44.0
46.7,25.1,31.3,22.0,22.2,29.3
47.7,24.5,36.5,22.2,29.9,15.0
46.7,27.5,52.0,21.4,20.4,7.2
46.7,26.6,48.0,26.9,16.8,21.6
46.2,26.9,31.7,18.2,21.4,32.4
47.2,24.5,48.0,25.0,19.4,18.0
47.7,26.1,25.8,21.2,38.2,16.5
47.2,25.8,27.8,26.3,29.0,29.9
46.2,2.0,28.0,24.2,30.4,22.8
46.7,26.8,26.7,26.3,31.3,29.7
47.7,25.4,26.3,31.4,35.6,17.0
46.7,26.3,35.3,31.3,14.9,24.0
47.2,26.4,34.3,26.7,23.5,16.3
47.7,26.4,24.0,28.0,34.7,22.3
46.2,26.0,15.6,29.9,27.1,19.8
46.7,26.2,24.0,28.0,38.6,19.2
46.7,25.9,25.0,31.3,21.0,28.3
47.2,27.2,21.9,28.7,26.7,37.9
46.7,27.3,32.3,32.0,14.1,24.0
46.7,27.0,35.3,20.8,28.0,21.0
47.2,26.3,38.4,13.1,15.2,40.2
47.2,26.2,31.6,22.0,20.8,28.9
47.2,27.2,36.1,20.4,14.9,31.0
46.7,24.7,33.0,25.8,15.7,29.4
47.2,26.3,21.0,40.0,20.0,22.9
47.7,26.6,19.2,47.1,12.1,24.8
46.7,22.2,16.8,33.3,29.6,25.5
46.7,27.1,31.3,29.6,14.9,34.7
44.8,0.5,1.0,1.0,0.0,0.0
44.8,26.1,25.8,48.1,15.0,13.4
45.2,27.4,28.0,30.0,19.0,27.7
46.2,26.7,27.0,38.6,17.9,25.0
46.2,24.9,35.7,26.3,22.0,19.6
46.2,27.1,20.2,22.8,18.8,40.0
47.2,25.7,48.5,45.6,26.7,24.2
47.2,26.6,34.7,30.7,18.2,20.8
46.7,19.5,25.5,27.6,30.4,20.6
45.7,24.9,23.8,22.2,26.3,32.7
46.7,26.6,16.8,21.2,30.3,36.6
45.2,26.5,21.4,24.0,34.7,26.0
46.7,26.7,33.3,25.0,21.6,24.2
47.2,25.2,18.6,14.0,20.4,51.0
46.7,25.4,18.6,14.1,19.8,50.5
46.2,24.1,43.1,14.3,17.2,24.5
47.2,26.3,31.7,21.4,17.0,30.9
45.7,25.3,21.0,23.2,24.5,28.7
47.7,25.4,30.7,19.2,27.7,22.7
46.7,25.6,42.6,31.6,11.7,27.0
47.2,14.1,4.9,0.0,7.0,2.9
47.2,25.2,21.4,35.0,22.0,27.3
46.2,27.2,20.6,41.6,17.8,25.7
47.7,26.1,24.2,21.6,24.2,28.7
46.2,26.2,19.4,33.0,27.6,32.0
46.7,24.7,29.9,23.3,26.0,35.0
47.7,29.1,31.0,25.5,20.0,29.0
46.2,26.4,21.8,24.2,22.0,26.3
46.7,25.9,30.5,25.0,37.8,13.9
46.7,26.5,14.1,18.6,47.5,29.0
46.7,28.5,24.2,18.8,47.0,17.5
46.2,26.6,23.3,22.4,45.9,17.0
47.2,27.2,16.7,29.0,47.5,16.2
46.7,25.9,34.7,17.8,22.0,28.7
47.2,26.4,33.0,27.7,20.8,26.0
46.7,27.0,34.3,24.0,18.4,28.9
47.2,25.3,24.2,36.4,33.0,16.5
45.7,0.8,36.4,13.1,16.5,18.8
46.7,27.9,20.4,19.2,33.3,24.0
45.7,29.9,37.3,25.3,30.4,11.3
48.2,27.2,19.0,47.5,15.3,26.0
48.2,26.7,37.0,33.0,11.9,23.0
47.7,27.6,40.4,22.2,15.8,25.0
46.2,25.8,22.4,26.0,33.3,24.8
46.7,26.6,24.5,28.4,27.3,23.2
46.7,26.9,27.3,37.4,25.7,23.5
48.2,25.6,17.6,54.9,18.0,15.2
47.7,27.5,40.4,16.0,22.4,28.4
46.7,28.3,20.4,28.7,21.6,26.5
46.7,27.6,37.6,27.8,25.2,24.2
46.2,25.8,28.6,21.6,28.2,25.8
47.7,26.8,22.4,22.7,6.3,49.5
47.7,25.1,21.4,21.6,37.9,28.2
47.7,25.1,25.5,23.2,26.0,28.6
46.2,25.5,15.5,25.0,32.7,27.6
47.7,27.6,25.0,26.9,32.0,22.3
47.2,25.9,25.5,30.5,34.3,22.5
46.7,26.1,22.9,42.0,26.5,19.6
47.2,26.1,26.5,30.1,24.2,26.8
46.7,25.9,18.6,26.7,33.7,24.5
46.7,27.6,15.6,33.7,19.0,33.3
46.2,25.6,11.2,20.8,42.6,24.0
47.2,26.9,15.7,21.2,21.0,51.0
47.7,25.8,18.8,18.4,18.0,51.0
46.7,26.6,22.1,23.8,40.8,9.1
47.2,25.0,24.2,23.5,30.4,27.3
47.7,27.6,26.3,23.0,21.2,30.5
47.2,26.1,29.6,26.5,23.0,21.8
46.2,26.9,26.5,30.4,28.0,24.5
47.2,24.8,22.2,31.6,21.2,26.0
47.7,28.3,13.1,44.3,28.7,22.5
47.2,27.6,20.0,13.3,47.0,19.2
47.2,26.6,17.2,33.0,28.0,24.2
46.7,25.6,48.5,17.8,15.2,26.7
47.7,27.5,46.5,14.3,24.5,29.0
46.7,26.0,21.0,31.3,27.0,24.7
47.2,24.8,28.6,27.0,20.6,28.3
46.7,25.4,26.5,21.6,35.3,20.4
46.7,25.9,25.3,31.7,23.5,33.0
47.2,26.8,23.2,14.3,38.8,31.7
47.2,26.2,28.3,26.8,33.7,17.6
47.2,25.5,22.2,20.8,30.3,26.3
46.7,26.3,46.0,19.4,25.2,13.0
46.2,25.1,26.0,30.3,19.8,31.7
47.2,28.6,5.1,31.6,28.3,39.6
47.7,27.5,18.4,44.8,21.6,18.2
46.7,25.5,15.6,43.9,19.0,23.2
46.7,26.4,21.4,54.3,14.1,14.4
46.7,27.6,20.2,25.5,31.1,30.6
45.7,27.0,35.0,24.5,14.1,31.1
46.2,25.4,31.6,27.7,15.0,28.9
47.2,25.6,24.2,51.0,19.4,10.2
47.7,27.3,21.8,51.5,13.0,27.8
46.7,6.5,0.0,0.0,0.0,0.0
46.2,27.2,28.8,47.4,13.9,21.6
46.7,27.8,37.7,26.6,15.7,30.6
46.7,25.4,25.5,35.3,14.0,26.0
47.7,24.9,21.6,40.8,15.2,25.0
47.7,24.4,49.5,21.0,14.0,21.1
47.7,26.6,21.1,33.7,26.3,28.4
47.2,24.6,24.7,23.2,17.2,31.0
47.7,7.3,17.0,14.9,16.8,9.2
46.2,27.4,29.6,33.0,21.2,23.8
46.7,27.1,37.4,31.0,19.8,17.0
46.2,25.7,21.9,33.7,26.0,25.2
46.2,26.6,21.4,25.7,34.3,18.9
47.2,25.4,20.0,37.1,21.6,24.7
46.2,27.2,33.0,19.0,27.7,24.2
47.2,25.0,19.8,15.0,48.6,22.1
47.2,27.4,19.6,21.0,36.8,29.5
46.7,26.7,22.7,20.2,26.8,35.6
46.7,24.9,12.2,32.0,26.0,33.3
47.2,25.7,34.3,16.8,30.3,26.7
47.7,24.8,15.3,28.0,25.5,36.0
46.7,27.4,35.7,27.7,31.3,12.7
47.7,26.0,29.3,29.0,24.0,18.8
46.2,25.3,38.8,21.6,23.0,12.2
47.2,25.1,21.2,17.0,46.5,19.8
46.7,26.8,29.7,30.3,28.0,20.8
47.7,26.7,19.4,45.0,18.8,16.2
46.2,26.9,19.6,29.2,29.1,36.1
46.7,8.0,0.0,2.0,0.0,0.0
46.7,26.5,36.3,27.7,14.1,28.0
45.7,26.9,34.3,25.5,14.4,26.0
46.2,25.4,43.3,17.8,33.3,16.8
47.7,24.6,38.5,25.0,29.1,18.0
46.7,26.5,35.4,18.0,33.7,27.6
45.7,26.4,10.1,20.2,51.5,26.5
46.7,25.8,7.4,12.6,49.5,26.3
47.2,23.4,3.0,0.0,0.0,0.0
45.7,25.6,25.5,16.5,47.9,17.8
46.7,25.0,14.7,40.0,24.5,26.5
47.2,26.5,26.7,25.5,21.0,35.0
46.7,25.7,26.9,31.3,27.2,19.8
47.2,25.3,34.3,30.3,22.0,24.8
46.2,25.6,24.5,22.7,19.1,23.8
45.7,26.1,34.0,32.0,13.1,32.3
46.7,23.2,43.9,31.0,11.0,18.6
46.2,17.8,12.0,28.2,8.1,9.9
46.2,24.9,33.7,32.3,22.8,25.7
46.7,27.9,28.1,23.5,24.7,22.0
46.7,25.8,13.4,40.2,26.7,19.4
45.7,25.4,20.0,31.7,16.0,39.2
46.2,27.0,23.2,36.4,25.8,20.2
47.2,26.8,18.6,20.8,51.0,12.2
46.7,29.8,23.8,24.5,25.8,27.3
47.2,26.1,25.3,28.6,18.1,25.8
46.2,19.7,21.6,30.0,25.8,28.7
45.7,27.4,22.5,50.5,8.8,32.0
47.2,27.6,30.0,31.4,27.7,22.5
46.7,26.3,32.3,29.7,21.0,16.2
46.2,25.0,28.6,24.8,28.3,22.1
46.7,24.8,50.5,25.5,24.8,6.0
47.2,26.4,52.0,17.2,19.6,17.0
46.7,25.5,24.5,27.2,23.5,30.1
47.2,26.4,44.8,29.1,23.8,20.6
46.7,26.3,27.3,39.2,20.2,17.2
47.2,17.7,19.8,18.2,18.3,28.3
45.2,25.4,39.4,20.6,27.0,28.3
47.2,25.1,22.2,19.2,12.9,49.0
47.2,25.4,17.0,30.9,28.4,25.3
47.2,24.9,24.5,39.2,24.0,22.0
46.7,26.5,26.5,30.6,22.2,27.3
47.2,25.9,29.2,19.8,17.3,35.4
47.2,25.8,16.0,18.2,48.1,23.0
47.2,26.7,22.9,29.4,28.4,26.7
46.2,26.1,21.4,42.7,21.2,27.0
47.7,17.5,17.0,23.5,5.0,10.1
45.7,26.5,17.5,52.4,25.7,13.7
47.7,27.4,23.2,50.0,8.2,20.2
47.2,24.7,20.8,32.0,17.3,33.3
47.7,26.1,19.4,25.0,19.8,40.6
46.2,26.7,23.2,17.6,46.5,23.0
47.7,26.9,26.5,24.5,31.6,21.2
47.2,23.9,22.4,12.7,47.5,23.5
46.7,26.2,5.0,22.9,32.4,10.9
46.7,25.1,28.2,25.7,30.6,25.7
46.2,25.7,19.6,49.5,21.6,23.5
46.2,26.1,22.3,47.4,13.0,20.2
46.7,26.5,16.0,52.0,17.0,22.0
46.7,26.6,5.0,48.0,25.5,27.7
46.7,26.8,15.6,47.6,21.2,19.2
47.7,24.4,15.3,45.0,21.0,25.5
48.7,26.3,21.8,24.2,27.3,35.6
46.7,29.2,27.7,51.0,23.0,13.3
47.2,25.9,26.3,17.6,42.3,14.7
46.7,25.9,27.5,17.2,47.4,15.7
46.7,24.4,24.7,16.2,50.9,13.1
46.7,26.1,30.7,27.9,29.8,20.2
47.2,25.9,28.9,20.4,28.1,20.0
46.2,26.5,22.0,23.2,33.7,26.7
47.2,27.9,8.9,27.7,15.0,10.9
47.2,26.4,12.5,43.9,23.5,21.0
46.2,27.3,11.0,20.8,46.5,23.5
45.2,1.2,2.0,1.0,0.0,0.0
46.2,27.8,35.4,19.2,22.0,18.6
46.2,27.5,27.8,25.5,23.8,24.0
46.2,26.5,18.0,20.6,32.0,25.5
46.7,26.4,19.8,33.7,30.6,15.8
46.2,28.8,19.4,48.5,18.6,20.0
46.7,26.3,17.7,47.0,14.4,21.2
47.2,24.9,41.0,21.4,27.6,25.0
46.7,28.9,32.3,24.2,29.4,20.8
46.7,26.0,19.0,30.0,33.3,18.6
47.2,24.9,18.8,23.5,33.3,29.7
47.2,24.6,37.4,30.3,18.4,26.5
46.7,26.5,35.1,19.4,21.4,26.2
45.7,27.8,33.0,22.2,37.0,7.3
47.2,28.4,27.6,22.0,27.1,21.4
46.7,26.3,13.4,19.8,53.1,15.7
46.2,26.1,26.3,17.6,21.4,24.0
45.2,27.0,30.2,18.4,26.5,33.3
46.2,0.8,29.9,10.3,24.0,21.4
46.7,25.6,31.3,7.3,30.2,26.5
46.7,24.8,12.8,36.5,21.6,27.0
47.7,23.7,18.2,30.0,24.0,33.3
46.7,25.5,24.3,30.7,24.0,30.1
46.2,25.5,23.8,12.2,21.2,46.5
46.7,25.6,21.2,18.4,34.0,29.0
46.2,27.0,26.0,18.0,41.6,19.4
48.2,27.3,25.0,30.4,25.7,22.9
47.7,26.6,40.8,34.3,14.9,17.0
45.7,1.0,1.0,0.0,0.0,0.0
44.3,26.9,25.5,30.0,19.2,30.4
47.7,28.1,19.2,27.5,20.8,33.0
45.2,25.7,38.1,18.2,23.2,30.3
46.2,25.9,27.3,34.7,13.7,27.7
46.7,25.1,24.3,29.3,26.3,24.5
46.2,24.0,18.0,26.3,35.0,24.7
47.2,26.8,21.9,23.3,50.5,14.3
46.2,25.9,35.6,19.2,26.8,22.8
46.7,25.4,26.3,36.0,27.0,21.2
46.7,25.8,18.2,40.0,19.2,25.5
47.2,24.7,16.3,35.0,29.1,22.8
47.7,25.3,23.5,28.3,21.6,32.7
45.7,25.9,15.5,27.7,28.6,26.8
46.7,25.9,27.3,19.2,32.7,23.3
48.2,26.3,33.3,26.2,15.0,27.5
46.7,25.3,49.5,13.4,24.5,18.8
46.7,26.0,32.0,37.0,12.0,25.3
46.7,26.0,38.6,26.3,22.8,12.9
47.2,27.2,26.7,17.5,45.1,20.2
46.7,26.2,22.7,16.8,42.2,16.3
46.7,24.8,49.5,8.1,26.0,22.5
46.7,28.8,28.0,19.8,24.8,32.3
46.2,25.8,27.0,12.1,28.0,37.0
47.2,27.4,23.0,10.9,21.6,47.1
47.7,16.9,23.5,16.3,32.4,30.3
46.2,24.9,10.1,40.8,25.5,28.7
46.7,26.0,19.2,34.3,26.3,23.7
47.2,25.0,10.3,20.2,49.5,26.5
47.2,24.4,25.0,18.8,25.3,37.0
47.2,25.2,25.3,25.0,25.5,30.2
47.7,24.5,14.7,16.2,25.5,42.3
46.7,24.5,33.0,23.2,31.6,14.3
45.7,25.1,37.6,19.4,27.0,19.8
46.7,26.7,30.0,22.0,27.0,28.0
46.7,28.4,31.6,35.6,23.5,19.2
46.7,26.5,34.0,25.3,23.2,26.0
46.2,25.6,30.6,30.6,20.2,23.8
46.7,25.4,34.0,24.8,28.8,18.8
46.7,25.4,27.5,30.4,21.0,23.0
45.7,26.2,48.0,15.8,17.9,16.2
46.7,26.1,51.5,18.8,26.7,15.0
47.2,25.9,25.0,33.3,22.0,20.6
47.2,29.5,31.0,1.0,37.0,38.8
46.7,25.4,45.5,17.0,21.6,19.0
46.7,28.6,49.5,17.3,19.4,20.8
46.7,25.8,28.4,37.1,23.8,24.5
47.2,25.1,24.0,35.6,24.7,24.8
46.7,26.8,25.3,19.4,32.0,27.2
47.2,25.9,23.3,22.0,23.2,35.4
47.2,24.7,19.4,17.8,22.7,45.0
46.2,25.9,24.5,19.4,32.0,35.6
46.2,27.8,34.7,16.3,23.2,26.8
45.7,26.3,22.2,40.8,23.7,17.0
47.2,24.3,27.4,18.3,41.7,17.2
47.2,24.6,34.0,21.2,31.7,20.2
45.2,24.2,37.1,32.0,22.2,10.1
46.7,25.9,28.0,29.0,28.4,24.2
46.7,27.1,19.2,21.4,34.7,29.6
45.7,26.3,22.0,31.3,20.4,26.7
46.7,29.2,23.0,19.8,42.9,25.0
46.2,25.9,23.0,23.4,38.2,16.8
46.7,28.4,6.1,39.4,16.0,34.7
45.7,24.7,19.6,31.6,23.0,25.3
46.2,24.9,34.3,17.0,26.5,30.4
47.2,27.1,23.5,20.0,30.0,25.0
45.7,26.9,24.7,40.4,25.7,16.5
46.7,27.4,27.5,36.0,15.2,32.4
46.7,27.8,32.7,23.8,24.0,34.0
46.7,27.8,28.2,19.8,27.6,27.6
46.2,26.1,20.4,40.0,20.2,20.4
46.7,25.3,21.2,33.0,11.1,33.3
46.2,24.2,52.0,26.0,24.0,5.1
46.2,26.9,33.3,28.0,26.5,16.0
47.7,26.7,48.5,18.0,24.0,16.8
47.2,28.4,24.8,30.0,23.2,29.6
46.2,26.2,20.6,30.1,21.2,30.8
47.2,28.5,27.0,56.7,16.2,27.9
46.7,29.9,34.6,23.7,18.8,38.0
47.7,26.3,22.4,32.0,26.3,28.3
45.7,29.0,29.6,37.0,23.5,26.3
47.2,28.7,54.5,26.5,27.9,13.7
46.7,29.5,27.7,25.8,26.5,37.1
47.2,28.0,31.0,29.0,28.0,24.5
46.7,28.9,20.6,17.0,55.4,16.5
47.7,30.1,22.2,29.3,31.3,37.3
47.2,27.9,27.6,46.5,29.3,22.0
46.2,28.8,30.1,22.2,27.6,42.0
46.7,28.0,20.6,43.0,27.4,32.4
45.7,29.6,16.3,47.9,26.0,21.3
47.7,29.8,23.7,28.7,31.0,33.7
47.2,28.6,30.6,26.0,19.0,36.3
46.7,31.7,30.4,29.6,29.6,38.1
46.7,28.7,24.5,27.3,25.5,34.0
46.2,28.8,27.0,23.5,42.6,20.2
47.2,30.1,33.3,32.4,22.5,27.3
46.7,29.1,29.3,36.5,26.3,25.0
47.7,29.1,35.6,25.3,28.0,25.0
47.2,28.1,36.6,34.3,18.8,29.3
46.7,28.1,33.7,13.9,39.8,21.0
47.2,26.6,22.9,27.9,26.7,36.0
47.7,27.5,27.1,29.1,31.6,33.7
47.2,26.8,21.4,29.4,31.0,35.9
46.7,29.9,30.1,51.0,20.4,22.2
47.2,29.5,17.3,40.2,22.2,17.0
47.2,29.3,36.0,25.3,25.7,31.0
46.7,28.7,11.0,40.4,33.3,24.0
47.7,25.6,15.5,21.1,50.5,20.2
46.7,30.3,24.5,18.0,50.0,25.7
47.2,26.9,18.6,20.2,23.0,31.4
46.2,12.0,31.3,23.8,50.0,18.6
46.7,29.3,33.3,28.3,44.9,10.1
46.2,28.8,35.0,16.2,32.3,28.8
45.7,29.7,28.1,19.6,35.8,22.5
46.7,27.8,29.4,31.7,30.8,27.3
46.2,27.7,48.0,17.8,12.1,37.6
46.7,27.1,20.8,20.2,45.9,25.5
46.7,29.4,20.4,11.1,48.5,28.4
47.7,27.5,30.6,18.4,42.3,29.7
46.2,28.6,37.6,28.2,34.0,29.7
46.2,29.5,41.4,37.9,18.2,8.2
47.2,27.3,16.5,27.6,20.2,48.0
46.7,28.8,17.5,21.4,21.9,49.5
47.2,29.2,23.5,33.3,28.3,31.0
45.7,30.0,21.0,23.5,22.0,52.0
46.2,28.2,20.2,24.0,21.2,49.0
47.7,28.9,22.0,26.0,26.0,43.9
46.2,30.2,34.0,28.3,28.7,25.7
47.2,27.2,22.7,29.6,38.0,27.7
47.7,27.7,43.0,16.3,29.6,18.2
47.2,29.4,26.8,32.7,19.4,29.7
47.7,28.2,32.7,11.1,41.6,24.5
45.7,28.4,25.7,13.3,49.0,29.7
46.7,28.4,28.6,20.6,38.0,22.2
47.7,27.2,49.5,16.5,21.6,23.0
47.2,26.8,39.8,34.7,23.0,13.3
47.2,29.8,26.7,34.4,25.8,30.1
46.7,29.8,55.4,18.8,22.3,15.6
46.2,28.7,58.7,19.0,19.0,15.2
45.7,27.4,26.5,34.0,29.9,20.6
46.2,29.0,21.4,38.6,35.7,17.0
47.7,27.0,20.4,27.9,45.4,20.6
47.2,28.1,39.0,14.9,34.3,23.8
47.2,29.0,35.0,36.4,21.6,19.2
47.2,30.8,29.0,33.0,31.6,27.3
46.7,28.1,26.0,31.6,21.6,35.6
47.2,29.5,27.0,19.2,25.0,44.4
47.7,28.3,25.5,21.6,46.0,21.1
45.7,28.0,19.8,46.0,19.2,23.7
47.7,27.1,21.4,45.1,27.7,19.8
46.7,29.0,23.5,29.4,34.0,27.5
47.2,18.7,16.0,28.0,44.6,16.2
47.7,29.5,29.7,20.6,49.5,16.2
46.7,29.0,32.7,26.8,21.4,38.5
46.2,28.0,47.5,24.8,22.2,16.2
46.7,27.7,27.2,54.5,25.2,21.6
46.7,28.6,18.9,28.6,29.6,31.3
46.2,26.1,28.7,17.3,48.0,18.4
47.2,32.3,36.6,33.0,23.5,22.8
47.2,27.6,30.6,42.2,23.8,28.0
47.2,28.6,29.7,47.0,20.2,19.6
46.2,29.9,31.3,30.0,26.3,26.3
47.2,30.1,25.0,18.6,42.3,21.8
47.7,29.2,27.1,25.5,50.0,13.0
47.7,25.4,26.6,24.7,52.8,12.6
47.7,29.6,22.8,27.6,37.9,30.3
46.7,28.9,26.3,28.0,47.4,10.1
46.7,29.0,34.3,23.5,27.3,32.0
47.7,28.8,33.0,29.5,22.2,25.7
46.7,30.0,33.3,24.5,49.0,23.0
46.7,35.6,23.2,44.9,24.8,29.5
47.7,29.7,30.7,25.8,26.7,34.7
47.2,26.7,21.2,30.6,30.6,23.8
46.2,28.6,21.0,28.3,30.6,30.9
47.2,25.6,20.2,35.7,25.5,28.1
47.7,28.5,22.0,24.7,46.4,18.4
45.7,29.8,15.6,36.0,37.8,20.4
46.7,27.2,15.3,21.8,37.1,37.8
47.7,29.9,15.5,25.7,52.0,23.5
47.2,29.1,31.6,23.3,29.3,29.6
47.7,29.0,30.3,19.6,33.3,25.2
47.7,27.5,18.0,21.0,28.4,47.5
47.7,28.5,16.7,27.7,24.5,46.1
47.2,27.6,18.4,30.3,19.2,46.4
46.2,30.0,23.8,25.2,26.0,44.4
48.2,32.8,3.0,5.0,2.0,5.9
46.7,28.2,27.3,24.5,19.2,48.0
46.2,26.7,27.0,21.4,24.5,45.5
47.2,28.3,30.0,23.2,19.0,45.0
47.2,28.1,33.3,26.5,27.1,22.9
46.7,27.3,25.0,48.0,25.7,16.2
47.7,28.4,23.7,50.0,20.2,21.2
46.7,27.6,29.3,42.2,26.5,26.5
46.2,20.0,20.0,26.2,34.7,27.6
47.7,29.1,34.7,26.5,24.0,22.2
46.7,28.4,17.2,33.7,27.3,33.0
45.7,27.8,23.2,47.9,22.5,27.2
46.7,29.2,50.0,17.3,22.4,25.0
46.2,27.5,34.0,31.1,34.3,20.2
46.7,29.0,36.6,30.6,22.0,31.0
46.2,28.6,24.0,45.5,28.6,10.1
47.2,19.8,15.8,18.8,6.1,6.0
47.2,25.6,17.0,34.0,28.6,30.4
46.7,28.6,25.2,41.3,29.2,21.2
47.7,28.9,30.0,26.0,40.4,15.3
46.2,27.9,27.2,24.5,21.6,33.7
47.2,27.7,26.8,48.5,14.3,22.2
46.7,28.7,35.7,24.8,20.0,31.0
45.7,29.6,37.6,22.1,22.9,29.4
45.7,28.6,28.6,32.4,26.7,27.3
46.2,28.1,27.3,33.3,30.7,27.2
47.2,27.3,30.7,31.7,18.4,37.4
47.2,27.4,36.6,18.2,20.0,34.3
46.7,28.0,25.0,20.2,36.7,24.5
48.2,29.1,38.0,25.0,34.3,29.4
45.7,28.0,20.6,25.3,34.7,30.5
47.2,30.1,32.0,35.4,24.0,24.7
47.7,27.4,26.0,28.6,24.5,32.7
47.7,29.6,33.7,28.3,31.0,31.7
46.7,31.0,31.6,35.6,23.0,29.0
47.7,29.8,24.5,37.0,27.4,20.8
46.7,29.7,33.7,25.8,23.8,28.3
47.2,28.6,9.2,24.2,23.8,27.5
47.2,29.0,22.4,29.0,34.0,26.7
47.7,30.0,20.4,21.2,18.9,50.0
47.2,28.1,18.6,19.8,18.4,19.2
46.2,27.9,25.5,33.7,33.3,23.1
48.2,28.3,26.5,28.3,30.0,24.2
47.7,31.1,33.0,36.3,27.3,25.5
46.7,31.1,52.4,19.0,19.0,21.3
48.2,28.1,29.9,27.5,34.0,32.4
46.7,30.8,35.7,23.0,23.2,32.3
47.2,30.0,49.0,19.8,23.5,24.5
46.7,30.9,49.5,20.8,17.3,23.2
46.2,28.9,50.0,23.2,21.6,15.5
46.7,30.2,45.3,23.7,27.1,17.3
46.2,31.0,46.9,27.0,21.0,22.8
46.7,28.0,47.0,24.8,19.8,25.0
48.2,27.6,41.8,20.8,22.2,12.0
46.7,28.7,20.6,30.0,24.2,40.6
47.7,27.6,0.0,8.0,1.0,0.0
45.7,27.2,25.0,27.3,26.5,35.3
47.2,26.3,15.5,25.7,55.4,17.2
46.7,28.8,26.5,26.8,38.8,21.8
46.7,26.5,29.3,26.8,22.0,31.3
46.2,27.7,28.9,24.0,23.5,24.2
47.2,30.1,27.3,21.6,25.5,49.0
45.7,29.4,19.2,32.7,33.7,24.0
48.2,31.9,18.8,28.7,48.0,22.7
46.7,28.8,19.6,30.1,48.0,17.5
45.7,28.9,14.4,26.5,45.5,25.5
47.2,28.9,17.5,24.5,47.5,22.5
46.7,28.7,17.8,26.3,51.5,21.8
46.7,29.1,15.8,28.0,44.2,26.7
47.2,28.9,29.3,21.6,28.0,36.4
46.7,30.3,29.4,34.7,34.0,31.1
47.2,30.6,29.7,30.9,27.8,31.0
47.7,28.6,23.2,39.0,27.7,30.0
46.7,28.7,21.6,35.6,28.6,25.5
47.2,27.4,33.0,23.5,31.6,24.5
46.7,27.4,48.0,16.0,21.8,31.0
46.2,27.1,50.5,20.0,24.0,21.6
47.7,27.6,41.6,16.2,20.2,37.8
47.2,28.4,23.0,33.0,28.3,17.8
45.7,32.0,42.9,28.3,30.1,19.2
47.2,27.2,21.0,35.0,48.5,13.1
46.2,29.0,23.2,21.0,47.4,19.0
46.7,26.2,22.7,30.5,37.0,21.6
46.7,27.8,20.8,34.0,21.2,35.6
47.2,26.7,29.6,36.4,27.0,28.7
46.7,31.2,5.1,0.0,0.0,0.0
45.7,28.6,32.4,14.0,50.0,24.5
46.7,30.5,28.6,19.4,29.6,34.7
46.7,29.1,19.6,17.6,46.9,24.2
46.7,30.1,34.3,14.7,31.0,33.0
47.2,27.2,25.3,28.7,29.7,29.7
46.2,28.2,27.1,33.3,15.8,35.7
47.2,28.2,23.5,23.2,22.5,50.5
47.7,29.6,16.3,26.0,49.0,26.7
46.2,29.2,20.6,21.6,45.9,21.6
48.2,28.5,23.2,16.3,49.5,20.8
48.2,28.5,32.0,22.5,37.9,23.0
47.2,29.3,24.0,16.8,57.4,19.6
47.2,25.8,22.9,11.9,53.9,24.0
47.2,30.3,37.4,19.8,24.2,37.3
47.2,1.5,0.0,2.0,0.0,0.0
45.7,27.1,40.4,27.5,25.7,26.0
46.7,28.9,27.0,24.2,37.1,27.0
47.7,26.1,30.8,16.3,44.0,27.6
46.7,28.4,27.0,30.8,25.0,34.3
46.7,29.7,18.6,39.0,29.1,28.6
46.7,26.8,28.6,34.3,25.3,30.0
47.2,26.9,27.0,30.6,25.0,48.5
47.2,33.6,41.8,12.1,27.7,28.8
46.7,28.5,30.1,33.3,24.8,26.5
46.7,30.9,27.6,20.0,33.7,31.0
46.7,27.7,28.6,31.4,25.7,34.0
46.7,28.8,28.4,20.4,38.5,26.0
47.2,29.0,25.7,20.6,40.2,22.0
47.2,30.0,25.3,42.5,26.0,20.0
46.7,28.1,24.0,2.1,51.5,29.6
46.7,28.6,36.6,22.8,28.3,24.0
47.2,27.7,37.4,25.0,32.3,15.5
46.7,30.0,24.2,41.0,24.2,29.0
46.7,27.8,29.3,30.7,21.0,32.3
45.7,30.9,23.5,28.3,28.7,29.1
46.7,28.0,30.0,40.4,24.5,22.0
48.2,2.7,17.0,10.1,4.0,10.3
46.2,30.9,49.0,28.7,21.4,14.1
46.7,28.2,48.5,23.8,30.0,15.2
46.7,29.1,28.7,23.4,39.8,22.8
46.2,28.1,25.7,20.8,41.2,27.3
47.2,28.6,35.4,34.0,24.5,22.5
46.2,28.3,22.2,37.5,32.3,31.0
46.2,0.8,7.0,8.1,5.0,20.2
45.7,29.5,20.6,24.5,31.3,33.3
47.2,28.8,29.6,20.0,30.7,32.0
46.2,27.9,23.5,35.0,29.0,26.0
46.7,28.2,32.0,22.5,49.0,15.3
46.2,28.1,23.5,15.3,44.6,24.8
46.2,26.9,39.4,26.3,23.8,24.8
46.2,27.7,27.3,30.9,25.5,27.6
45.7,29.4,20.0,34.3,30.3,32.7
47.7,35.1,26.0,25.7,44.4,23.5
46.7,28.4,23.5,26.7,45.0,16.7
47.7,30.8,38.2,22.3,25.5,22.3
46.7,26.3,19.8,21.9,47.5,19.0
46.2,28.6,21.6,28.4,42.3,22.0
46.2,27.3,36.1,19.4,22.0,33.7
47.7,27.3,31.6,27.7,27.3,26.0
45.7,6.5,45.6,28.1,18.0,20.0
46.7,30.0,38.6,25.0,26.7,30.3
45.7,31.0,23.2,25.3,28.7,34.0
46.2,28.9,38.0,21.8,33.0,26.5
46.2,27.7,29.0,31.1,25.0,23.0
46.7,30.0,34.0,36.0,23.0,26.5
47.2,28.1,30.2,25.7,44.6,16.3
46.2,28.8,31.7,26.3,24.0,31.0
47.2,26.4,29.6,20.4,29.7,28.0
47.2,28.5,50.0,16.0,31.1,23.8
47.7,28.6,25.5,34.3,26.0,33.0
47.2,25.3,42.6,25.5,21.4,28.3
45.7,29.2,25.7,23.7,32.7,34.3
47.2,29.7,28.3,34.6,30.9,19.8
46.7,27.7,18.1,32.7,24.0,33.7
45.7,31.0,28.0,26.5,26.0,30.3
47.2,27.3,16.7,30.5,17.0,24.8
47.2,27.6,19.4,35.6,32.0,28.4
45.2,29.4,43.8,23.5,29.0,22.2
46.2,26.8,20.6,35.4,29.9,24.5
46.2,28.6,25.0,18.0,47.4,23.8
47.2,28.2,21.6,11.8,41.2,35.7
46.7,28.4,22.4,20.8,37.8,35.4
46.7,29.8,28.4,22.3,45.9,19.0
46.2,29.0,27.7,30.7,30.4,22.0
47.7,27.5,28.7,28.9,27.0,27.7
47.7,30.2,25.0,28.3,35.3,35.0
46.2,28.0,24.0,32.0,26.3,35.4
47.2,30.1,20.8,20.0,21.0,49.5
46.7,29.6,20.6,12.5,25.0,49.0
46.7,29.7,19.6,38.0,26.7,35.4
47.2,28.7,30.3,33.7,19.4,35.0
47.7,28.3,26.5,34.3,22.2,31.0
47.7,30.6,23.5,36.6,29.6,24.0
46.7,28.6,24.5,36.8,29.6,26.5
47.7,28.9,25.3,33.0,34.0,23.0
47.7,28.0,22.4,39.2,23.5,22.2
47.2,28.2,30.3,27.0,23.0,32.0
47.2,31.2,30.6,18.2,31.6,30.0
46.7,29.8,28.9,25.0,29.6,27.8
46.7,28.4,31.3,31.0,28.0,28.9
47.2,18.3,28.3,24.5,18.6,38.4
47.2,28.1,28.0,26.0,34.0,26.3
45.7,1.5,28.2,29.9,33.0,23.0
46.7,26.8,24.2,30.4,29.7,31.2
46.7,30.5,20.8,43.0,28.3,18.2
46.2,26.4,26.7,49.5,9.0,22.6
47.2,28.7,26.0,50.5,12.7,28.4
46.7,28.9,26.7,22.7,15.7,44.6
46.2,28.6,17.5,36.7,22.5,19.4
46.2,29.9,32.7,34.7,36.6,12.2
45.7,26.4,26.3,13.6,48.5,27.5
47.2,29.4,20.6,20.8,51.0,28.2
46.7,29.8,24.5,20.0,44.2,24.5
46.7,29.8,48.5,18.6,19.0,23.5
46.7,28.1,30.4,14.4,43.3,26.5
47.2,29.9,44.4,16.8,26.5,23.8
47.2,28.4,38.0,30.0,26.3,19.6
46.7,27.6,30.3,36.8,23.5,24.0
47.2,28.1,6.1,18.8,5.1,2.0
46.2,28.8,41.8,31.3,24.8,13.1
46.2,29.5,32.7,29.8,32.7,23.7
47.2,26.2,35.4,25.0,28.3,26.5
46.7,28.3,22.0,19.2,38.1,33.3
45.7,28.5,41.4,26.5,27.6,25.3
47.2,28.2,26.7,28.3,20.4,33.7
45.7,2.8,1.0,7.0,2.0,1.0
45.7,28.7,35.4,48.0,45.0,30.2
45.7,28.9,28.7,26.0,25.5,34.0
46.7,29.2,48.0,24.8,25.5,18.6
47.2,31.8,32.0,22.2,28.7,35.0
45.7,30.5,35.0,22.5,29.7,35.4
47.7,29.5,27.0,20.0,30.3,39.2
46.2,28.2,31.7,31.7,29.4,32.3
46.7,28.5,22.4,21.4,28.9,32.0
46.7,25.6,34.7,28.7,35.6,21.8
46.7,30.4,30.0,35.0,26.3,33.3
45.7,28.5,25.5,41.2,29.3,16.2
47.2,27.7,32.4,36.4,22.2,33.0
47.7,28.3,25.3,28.7,34.0,26.5
46.7,28.8,29.0,23.2,24.2,31.7
46.7,26.9,26.0,24.5,34.0,30.8
45.2,29.2,36.0,25.5,26.5,26.3
45.7,27.1,27.2,30.3,26.9,30.6
46.7,30.1,25.0,30.0,27.2,41.2
46.7,29.2,24.5,31.3,27.2,33.0
46.7,28.0,16.3,41.2,25.0,27.7
46.2,27.1,24.2,25.3,21.0,40.6
47.2,27.1,19.2,15.5,33.3,41.7
47.2,29.3,24.5,21.6,31.7,34.7
46.2,29.6,45.8,26.0,19.4,20.6
47.2,30.4,34.7,33.3,32.4,23.7
45.7,28.8,32.6,39.8,23.7,21.8
47.7,27.3,27.3,47.5,30.1,16.0
48.2,31.1,18.2,38.6,37.1,17.5
47.7,28.7,27.9,35.1,31.9,21.4
47.2,28.9,24.5,27.6,29.0,33.0
47.7,29.4,29.2,23.5,32.7,27.4
47.2,27.4,27.4,31.0,12.1,45.5
46.7,28.5,24.7,19.2,37.6,33.7
47.2,27.5,43.9,15.0,24.0,21.8
47.2,30.9,25.3,26.7,36.7,22.7
46.7,27.3,24.5,23.5,35.4,33.3
47.2,28.6,26.5,41.7,23.2,24.5
47.2,29.6,27.0,25.0,30.7,31.0
46.7,28.9,27.3,38.4,19.8,28.6
45.7,27.6,21.4,22.7,12.0,56.0
45.7,28.5,28.8,33.0,12.1,47.9
46.7,28.9,18.8,31.1,11.6,53.0
47.7,30.5,33.7,23.0,32.7,38.5
46.7,29.2,23.5,27.5,15.7,48.0
47.2,29.3,34.0,24.5,37.0,26.3
46.2,26.1,45.5,25.5,20.2,15.3
46.2,29.0,41.8,25.5,10.3,34.3
46.2,29.8,25.5,35.0,32.0,26.0
47.7,28.7,35.7,29.6,11.3,32.3
46.7,27.0,18.7,48.0,19.6,21.6
47.2,7.0,0.0,0.0,0.0,0.0
46.2,28.6,26.7,18.2,45.0,18.4
46.7,29.8,20.4,18.7,23.7,47.5
46.2,27.3,24.5,31.3,28.1,30.7
47.2,27.8,23.3,28.0,27.6,41.4
47.2,30.3,23.0,29.0,30.0,32.0
45.7,30.5,23.7,32.7,24.5,31.3
45.7,30.0,32.0,21.4,27.4,29.0
47.7,28.4,20.4,24.5,33.0,37.6
48.2,31.2,26.5,32.3,29.3,31.3
47.2,28.3,23.7,48.5,18.9,22.2
46.7,28.9,22.5,44.9,25.5,28.7
46.2,29.6,18.6,47.5,17.8,29.1
45.7,28.3,30.3,47.1,21.2,14.4
46.7,29.0,17.2,51.9,20.8,24.5
46.2,27.8,23.5,23.0,22.7,46.5
46.7,29.4,29.4,34.6,28.1,24.8
47.7,30.0,2.0,5.0,4.0,7.1
46.7,29.5,21.8,23.2,53.0,15.2
46.7,30.3,11.3,31.3,33.3,32.0
47.2,32.2,19.8,35.4,20.2,25.0
46.7,28.3,23.5,33.3,24.8,27.3
45.7,28.0,30.3,24.0,25.0,34.0
46.7,28.5,42.1,27.9,22.9,22.7
46.2,27.2,20.2,31.3,38.0,28.7
47.7,29.2,6.0,6.0,4.0,5.0
46.7,29.7,29.0,32.0,25.0,26.3
45.7,28.5,39.8,27.2,21.0,32.0
47.2,28.9,35.0,26.0,26.5,28.3
47.7,30.2,18.6,29.4,42.4,28.4
47.7,26.7,34.0,24.2,30.7,34.0
47.7,28.2,32.7,27.0,38.2,18.6
47.7,27.1,29.6,30.0,26.3,27.7
45.7,27.3,30.6,21.0,19.4,46.6
47.2,28.5,14.0,34.3,53.4,14.9
47.7,32.4,15.3,24.0,40.0,27.7
47.2,29.7,25.3,28.0,18.6,44.3
47.7,28.7,24.5,38.0,27.6,18.8
47.7,27.8,28.1,25.7,14.4,40.2
47.2,29.1,26.3,46.0,20.0,23.0
47.7,27.5,29.7,47.0,14.0,21.2
47.2,29.3,20.6,49.0,18.0,27.3
48.2,30.6,29.5,49.1,10.1,24.2
47.7,30.0,16.8,47.6,23.0,29.4
47.2,28.7,18.8,45.4,27.3,26.2
48.2,29.6,19.2,46.5,19.8,24.5
47.7,29.7,36.7,31.4,18.2,26.8
46.7,28.6,23.2,51.0,17.8,22.2
47.2,30.4,21.6,52.5,14.1,30.0
47.7,28.8,36.1,25.3,22.0,31.0
47.7,28.4,23.7,37.3,26.7,33.7
48.2,29.0,25.0,31.7,35.1,27.0
47.7,29.5,30.7,28.6,32.3,24.2
48.2,28.5,56.3,14.1,16.3,25.0
47.7,29.5,51.0,18.4,16.3,23.7
48.2,27.6,30.6,40.0,16.5,35.6
46.2,28.6,27.5,15.2,31.3,39.2
46.7,23.7,25.0,14.7,50.5,26.5
47.2,28.9,12.4,28.3,21.6,49.0
48.2,30.6,12.1,31.3,45.5,26.3
47.2,26.6,26.8,32.0,35.3,24.2
47.7,30.4,25.8,35.6,34.0,26.0
47.2,26.8,20.0,16.2,51.0,27.0
47.7,28.9,26.3,35.9,34.0,23.8
47.7,24.8,9.9,28.3,48.5,22.4
46.7,28.1,18.4,20.8,15.2,17.8
46.7,28.9,33.3,23.3,40.0,29.8
48.2,31.4,35.4,29.3,29.4,22.3
47.2,27.6,19.6,25.3,46.0,26.0
47.7,28.6,21.1,33.3,25.5,28.3
47.2,26.6,35.1,26.8,20.0,29.0
48.2,28.0,32.4,31.3,28.4,29.4
47.7,30.6,41.0,13.9,40.0,23.2
46.7,29.8,30.7,21.2,42.3,26.0
47.2,30.9,24.3,18.8,46.4,24.0
47.7,29.2,22.7,20.6,43.3,20.2
47.2,28.3,24.0,16.8,53.7,19.2
48.2,27.6,14.0,22.2,52.9,20.8
47.2,27.0,32.7,14.4,32.3,29.3
46.7,30.3,31.6,27.7,28.6,26.3
46.2,26.4,10.5,25.5,44.4,20.2
47.2,30.1,27.7,17.2,51.0,17.8
47.2,29.6,30.7,10.3,49.5,25.5
47.2,25.8,18.8,15.0,19.2,54.5
47.7,26.5,23.5,19.0,21.0,44.4
47.2,26.9,24.5,24.0,29.9,31.0
47.2,26.1,35.1,17.5,25.7,31.0
47.7,28.1,30.6,24.0,21.8,32.4
48.2,27.7,24.2,18.0,30.7,33.3
47.2,27.0,40.2,31.0,12.7,25.5
47.7,26.7,33.7,29.3,25.0,26.5
47.2,26.2,41.0,33.0,9.0,23.0
46.2,24.8,25.8,30.9,23.8,26.5
47.2,28.3,20.4,34.0,23.2,24.3
46.7,27.7,33.7,28.7,32.7,19.6
47.2,27.8,31.7,36.9,26.0,18.4
46.2,28.4,50.5,16.3,23.3,19.4
47.2,26.4,47.5,14.4,27.0,20.0
47.2,27.0,50.5,9.3,20.8,25.5
47.2,26.1,35.4,24.7,22.5,28.3
47.7,27.5,26.3,36.5,18.6,27.0
47.2,26.6,26.2,15.5,45.7,24.3
47.7,26.6,20.4,16.7,50.0,21.4
47.7,27.8,29.0,20.0,36.8,22.8
46.2,26.2,48.5,17.0,23.1,24.2
46.7,35.1,24.5,10.2,41.7,26.2
47.2,29.6,21.2,22.0,43.0,22.2
47.2,26.3,36.5,23.2,30.0,24.0
46.7,26.8,29.7,22.0,27.5,25.5
46.7,25.9,20.0,20.6,24.5,38.8
47.7,27.3,20.4,25.5,27.6,26.5
46.7,29.0,20.4,21.0,50.5,22.5
47.2,27.1,25.0,16.0,47.9,24.3
46.7,25.6,22.4,32.0,20.6,33.7
46.2,7.8,17.3,21.8,24.0,49.5
46.7,28.3,23.2,17.5,16.1,51.9
46.7,28.9,19.8,17.0,23.5,51.5
45.7,26.7,19.0,23.8,18.3,48.5
45.7,27.3,20.6,21.8,35.1,24.0
47.7,26.9,21.9,18.0,43.9,22.9
45.7,25.1,36.4,21.0,29.3,20.8
46.2,27.0,29.2,15.2,31.0,30.7
47.2,26.3,20.2,20.8,50.0,23.0
45.7,27.3,20.8,21.8,52.5,19.4
46.2,29.8,18.2,18.9,50.9,22.4
46.2,26.3,4.0,4.0,4.0,3.1
46.2,27.5,21.0,51.5,16.8,24.5
45.7,27.6,21.6,42.7,22.2,20.4
45.7,28.3,17.2,27.7,24.7,33.7
47.2,26.4,14.9,18.2,19.0,55.0
47.7,26.5,6.2,25.5,17.5,55.0
46.2,20.2,21.2,21.1,20.4,43.4
46.2,27.4,15.6,28.2,21.2,49.5
46.7,25.8,31.3,19.4,24.0,25.7
46.7,26.0,29.6,28.6,25.5,26.0
47.2,22.3,18.2,19.0,49.0,20.4
45.7,28.3,20.0,33.0,33.0,20.8
46.7,27.0,14.3,21.2,49.0,24.8
46.2,27.7,30.3,26.2,23.5,28.7
45.7,26.9,21.6,18.2,52.0,17.2
46.2,27.3,25.3,19.8,21.2,50.0
45.2,28.9,24.0,32.0,22.8,27.0
47.7,27.1,26.9,49.0,24.0,29.7
46.2,25.9,14.1,29.7,20.2,34.7
46.7,26.7,29.3,19.2,16.7,45.5
46.2,28.8,23.5,26.8,33.3,26.0
47.2,28.6,18.2,25.7,23.1,36.7
46.2,27.3,19.2,26.0,28.7,23.5
46.7,26.5,33.3,28.4,31.6,17.7
46.7,27.9,37.8,29.4,18.2,18.2
45.7,25.6,17.2,44.9,24.2,23.2
46.7,26.9,13.3,46.5,25.0,19.8
46.7,25.3,11.2,52.0,25.0,22.0
46.7,27.1,20.8,45.9,20.0,23.2
45.7,28.0,21.2,51.0,15.8,19.4
47.7,26.4,22.2,52.4,16.7,17.7
46.2,28.3,24.5,18.2,28.2,36.4
46.7,28.0,18.8,24.0,42.2,24.7
46.2,26.4,20.0,26.7,29.7,22.2
47.7,26.6,40.0,21.6,23.5,28.7
45.7,27.6,24.2,50.0,13.9,22.5
47.2,27.7,36.3,38.2,37.6,32.3
45.7,28.4,28.6,26.0,32.7,27.4
45.7,26.4,24.0,22.4,32.7,29.4
45.7,28.3,28.4,21.6,27.0,32.0
47.2,27.8,44.0,28.0,18.0,23.5
46.2,27.6,10.2,20.2,21.1,45.5
46.7,27.7,18.2,23.3,19.8,50.0
46.7,26.4,19.2,19.0,21.6,45.5
46.2,26.9,31.3,30.4,25.7,24.3
46.7,27.4,17.9,17.0,52.5,20.0
46.2,28.5,18.8,21.4,51.5,20.2
45.7,24.9,28.0,17.2,41.0,24.2
46.7,29.2,33.7,33.7,25.7,17.3
46.7,26.4,24.0,47.5,20.0,14.3
47.7,26.8,30.9,28.3,25.0,20.6
46.2,26.8,8.2,38.8,26.0,32.4
48.2,26.2,13.3,24.8,38.1,26.0
47.2,27.2,32.0,25.8,18.8,30.1
47.7,27.5,19.8,15.3,23.8,50.0
46.2,20.5,18.8,24.5,12.4,8.1
45.7,28.0,31.6,20.0,19.8,41.7
45.7,26.0,9.2,25.7,38.0,30.6
46.7,27.8,27.7,23.5,19.8,45.9
46.7,27.5,48.0,19.6,19.0,22.0
47.2,26.6,26.8,24.5,25.2,31.3
46.7,27.8,28.7,19.6,27.3,31.0
46.7,25.6,26.5,23.8,43.1,18.2
45.7,26.4,15.3,15.8,39.2,20.4
45.7,12.5,15.3,36.5,31.9,21.2
47.2,27.9,13.3,22.4,49.5,19.2
47.2,29.8,15.5,21.0,47.5,20.6
46.2,27.1,17.5,19.8,47.5,21.4
47.2,27.0,25.3,18.8,46.9,21.2
46.2,28.0,22.2,20.0,49.0,16.0
46.7,24.9,20.6,25.0,31.6,32.0
46.2,27.4,14.7,20.6,19.2,55.1
46.2,23.6,34.3,19.8,18.8,32.0
46.2,27.3,43.1,24.5,27.8,12.5
45.7,27.1,24.5,14.6,44.7,16.0
47.2,27.4,31.6,19.1,29.4,21.8
45.7,26.0,33.7,27.7,30.7,18.8
46.7,26.4,38.4,25.5,37.0,13.1
46.2,27.7,40.6,17.8,13.9,34.3
46.2,27.5,38.0,27.0,22.7,19.6
47.2,27.3,17.9,18.2,20.8,17.7
46.2,27.1,17.5,47.5,33.3,17.6
46.2,19.0,0.0,0.0,1.0,4.1
44.8,27.4,24.0,51.5,12.0,24.2
46.7,28.4,24.8,36.7,19.8,26.5
46.2,24.8,21.6,27.3,22.2,34.3
46.2,26.3,26.0,32.0,21.2,29.3
46.7,24.2,21.4,42.0,28.3,13.1
47.2,27.7,23.5,48.5,22.2,11.2
45.7,27.5,26.7,36.7,22.5,21.0
46.7,26.3,25.5,24.5,44.8,13.0
46.7,29.2,9.8,21.2,47.5,38.5
47.2,16.8,11.7,3.0,10.1,1.0
45.2,26.7,26.2,17.2,27.0,37.3
46.7,28.3,36.1,25.5,25.0,24.5
46.7,27.5,38.8,27.0,20.2,28.3
45.7,27.8,49.0,25.5,16.8,19.4
46.7,27.6,49.0,19.2,23.3,26.3
46.7,30.1,24.5,24.8,15.2,38.0
46.7,30.3,41.4,12.1,30.4,24.0
45.7,26.3,33.7,8.2,12.2,16.3
46.2,27.6,49.0,16.3,18.0,22.9
45.2,25.5,49.0,22.4,19.8,16.0
46.7,27.6,35.1,12.4,23.5,31.3
46.2,26.3,40.0,28.6,20.0,19.0
47.2,26.7,35.8,20.2,18.7,28.9
46.2,27.4,45.9,18.8,24.0,24.5
46.2,23.9,24.5,28.7,30.7,35.3
46.7,27.9,25.7,34.0,24.8,28.7
46.2,28.0,29.3,29.5,20.6,28.0
46.2,26.0,15.2,54.1,15.8,18.8
47.2,26.8,23.7,21.8,29.4,38.6
46.2,27.0,40.2,24.8,21.2,14.7
46.2,28.7,32.7,24.0,27.6,23.8
46.2,26.1,42.0,18.0,20.2,29.3
46.7,25.3,42.3,12.2,30.4,17.2
47.2,26.3,15.8,36.7,31.4,24.5
46.2,26.6,28.6,33.3,17.8,25.0
46.2,27.8,26.3,28.7,28.0,25.0
47.2,26.9,13.3,50.0,23.0,20.8
46.7,28.8,21.0,43.9,23.8,17.5
45.7,27.1,30.9,21.8,31.0,25.0
46.2,25.9,15.0,18.8,38.8,36.4
47.7,26.3,15.2,52.0,17.7,25.0
46.2,27.9,16.0,20.8,46.9,27.2
46.7,27.0,22.0,22.4,35.0,26.0
46.7,28.3,36.0,19.0,35.9,24.5
45.7,26.3,18.2,39.8,29.3,27.0
46.7,27.0,18.4,35.4,32.7,20.4
46.2,27.1,17.0,23.5,53.5,18.2
46.2,28.6,34.0,24.2,25.3,14.1
46.2,25.9,21.6,19.4,21.6,31.3
46.2,25.8,28.1,22.8,20.6,51.0
47.7,26.7,37.0,26.5,19.6,32.7
46.7,26.9,34.3,29.6,14.1,25.5
45.7,26.8,26.5,30.6,28.0,24.2
46.2,28.0,28.7,34.0,22.8,26.3
46.7,27.2,33.3,22.0,33.7,22.2
46.7,25.0,23.3,18.0,38.1,32.3
46.2,25.5,23.5,21.4,35.0,32.3
46.2,26.1,24.2,19.2,18.8,51.9
47.2,27.2,25.7,18.2,18.4,46.5
46.7,26.1,23.5,20.4,16.8,49.5
45.7,27.7,30.2,17.3,9.5,44.3
46.7,27.3,30.9,23.5,27.3,31.0
46.2,28.0,27.0,32.0,20.6,28.6
46.2,26.8,22.5,28.6,22.0,39.2
46.2,27.4,26.0,19.6,32.7,24.0
45.7,27.8,17.0,17.2,17.9,53.8
46.2,27.5,21.2,18.2,28.4,39.6
46.7,27.6,24.0,18.8,16.3,47.1
46.2,27.8,26.0,23.1,16.7,49.0
47.7,23.8,21.0,23.0,14.1,50.9
46.2,24.5,24.0,32.7,32.0,15.0
46.7,26.0,22.2,12.2,16.0,53.1
46.2,26.2,9.1,9.3,12.9,15.7
45.2,28.8,10.2,18.0,25.5,56.0
46.2,27.3,25.3,23.5,20.2,38.2
46.7,29.0,35.7,26.3,17.0,23.2
47.7,26.0,24.8,30.7,26.0,26.5
47.2,25.7,23.2,26.3,29.3,30.6
44.8,25.0,19.4,17.0,38.0,31.4
46.7,26.4,39.0,30.3,26.7,14.0
46.2,27.9,33.3,33.7,19.2,16.2
46.7,27.9,28.7,26.7,27.6,28.0
45.7,26.5,30.1,25.3,24.8,39.0
46.7,28.3,32.0,46.5,28.8,8.0
45.7,19.5,10.9,48.0,19.0,27.0
46.2,28.0,26.3,24.0,15.5,26.0
45.7,28.1,17.2,52.0,17.3,19.4
46.2,24.6,18.4,36.1,31.7,21.0
46.2,27.9,33.3,28.6,24.3,24.0
45.7,26.6,25.7,46.9,20.0,20.6
47.7,10.4,0.0,0.0,0.0,0.0
45.2,26.1,37.6,39.2,21.4,18.2
46.2,26.9,12.5,48.5,25.0,23.6
45.7,26.1,16.0,35.4,20.4,32.3
46.2,25.8,24.8,30.3,35.6,23.0
46.2,26.6,23.7,30.0,27.9,25.0
46.7,26.7,27.6,35.4,25.5,21.8
46.7,27.3,19.4,39.8,29.0,19.6
45.7,26.2,25.3,22.9,21.6,29.0
46.2,17.4,17.5,27.7,36.4,28.2
45.2,29.0,20.6,25.7,20.8,17.5
46.2,26.2,31.0,16.2,37.0,24.5
46.7,26.6,24.2,16.0,27.8,40.8
46.7,27.1,28.3,25.2,25.2,30.6
46.2,28.0,22.2,27.5,29.8,33.7
46.2,26.4,31.7,26.5,20.0,22.5
45.7,25.8,35.4,25.0,27.8,19.8
46.7,25.9,27.5,29.9,14.0,30.4
45.7,27.6,20.2,20.2,35.9,28.4
46.2,25.9,27.0,25.5,29.3,32.7
45.7,28.3,27.3,23.0,25.7,24.2
46.7,25.8,32.7,9.1,22.5,38.4
46.2,24.9,55.0,9.9,19.2,22.0
45.7,26.3,12.5,31.3,25.5,34.3
46.7,25.7,50.5,19.0,23.3,17.2
46.7,27.3,53.4,16.0,24.2,18.6
47.2,25.6,25.0,23.0,34.3,24.3
47.2,27.8,27.8,21.6,21.4,37.6
46.2,27.5,34.3,23.0,28.0,24.5
47.2,26.6,32.0,24.3,22.0,29.3
46.2,27.1,23.5,20.0,15.2,50.0
46.7,27.5,15.3,17.6,22.8,48.5
46.7,26.7,39.8,18.0,27.3,23.2
46.7,28.4,35.4,25.7,23.2,24.7
47.7,28.8,44.9,11.1,27.7,30.0
47.2,28.5,50.5,17.0,26.3,21.6
45.7,29.1,33.7,32.3,13.4,25.5
45.7,14.8,8.2,0.0,12.1,27.5
46.2,28.4,25.3,23.5,15.0,52.5
46.2,27.7,24.5,21.8,14.1,50.5
46.2,28.3,24.8,21.0,17.0,48.5
47.2,28.0,25.0,15.3,15.3,46.4
46.2,26.4,17.3,34.7,13.5,29.7
46.2,28.1,20.8,48.0,17.3,21.6
46.2,28.2,34.3,22.1,32.6,21.6
48.2,27.0,35.6,33.0,19.4,17.2
45.7,26.3,21.6,52.4,10.1,22.5
45.7,25.6,41.2,27.7,15.2,18.0
46.7,27.2,25.7,23.7,34.3,26.0
45.7,28.4,41.7,25.3,19.4,24.0
46.2,28.5,22.9,31.0,22.2,26.0
46.2,28.5,22.1,30.3,23.5,22.9
46.2,27.6,32.0,30.6,31.3,21.6
45.7,26.1,17.5,48.0,18.0,22.9
47.2,27.2,40.0,29.7,21.0,22.4
46.7,27.2,37.0,31.0,23.8,20.8
46.7,26.8,23.8,28.3,22.0,38.4
46.7,24.6,16.5,30.6,25.5,28.7
45.2,25.0,43.4,17.8,22.4,21.6
46.2,21.3,21.4,12.0,8.0,14.3
46.2,28.6,22.1,37.6,24.2,24.5
45.2,27.8,22.2,22.0,23.5,40.8
46.7,28.3,24.8,27.0,23.2,30.5
46.7,26.8,20.4,36.1,16.3,29.9
45.7,28.1,19.8,18.4,14.3,51.0
46.7,27.4,20.8,17.2,25.3,43.6
46.7,27.9,16.8,24.0,38.4,31.3
46.2,26.6,26.0,28.0,33.0,22.2
45.2,27.0,15.3,15.8,44.3,26.0
47.2,39.3,30.0,32.0,26.3,32.4
45.7,28.0,33.3,25.0,24.0,29.7
47.7,28.1,38.0,22.8,25.7,26.3
46.2,24.3,41.8,26.0,16.8,20.0
46.7,26.8,55.9,22.4,13.1,11.8
46.7,27.5,41.2,30.4,15.0,17.8
46.2,26.3,50.5,30.6,16.2,18.0
46.2,27.2,36.6,26.8,13.9,26.8
46.7,27.6,33.3,19.2,15.2,44.7
45.2,27.9,24.8,20.0,15.3,51.0
46.7,26.3,26.4,27.7,17.2,43.6
46.2,27.6,12.1,22.8,15.6,49.0
45.7,27.6,15.8,18.6,20.8,48.5
47.2,26.8,18.2,21.9,19.6,49.0
45.7,27.5,16.0,16.7,21.4,50.0
45.7,26.9,7.0,2.0,3.0,2.0
46.2,27.3,37.8,28.3,25.0,18.4
46.2,29.2,37.8,26.5,22.4,24.0
46.7,24.4,33.3,22.2,23.0,27.0
46.7,27.5,30.6,26.3,25.5,26.5
46.7,27.6,27.0,31.0,30.7,22.0
45.7,26.6,12.2,48.5,21.8,19.2
46.2,28.5,16.5,55.0,20.8,14.1
46.7,23.6,23.0,44.3,24.8,13.8
47.2,26.3,25.3,19.6,21.2,33.3
46.2,26.7,14.1,28.4,17.0,51.6
45.7,28.1,35.9,30.4,25.0,7.8
45.2,27.8,15.3,37.6,26.0,28.9
45.7,27.5,24.0,25.5,34.6,27.5
44.8,28.6,25.7,34.7,30.7,18.6
46.2,27.2,14.9,36.0,30.5,28.7
45.7,27.0,22.4,16.8,20.0,45.5
45.2,27.4,30.3,36.5,21.4,19.8
45.2,26.2,28.6,36.0,23.8,25.5
45.2,27.9,21.6,16.3,40.4,36.3
45.2,26.6,20.8,12.7,53.9,17.8
46.2,26.7,24.5,35.3,25.3,25.0
47.2,26.4,23.2,33.3,34.3,23.8
47.2,26.3,23.8,26.0,31.6,27.0
46.7,28.0,20.8,18.4,41.7,26.7
46.2,29.1,24.0,17.0,49.5,21.0
46.2,27.9,24.2,14.0,37.1,21.0
46.2,28.0,34.7,20.0,26.7,32.7
46.2,27.4,38.0,22.0,17.7,28.0
45.2,28.1,34.3,12.1,27.8,33.0
46.2,26.8,25.3,25.2,24.5,29.2
46.7,27.5,32.3,15.3,19.8,38.2
46.2,27.3,24.5,28.2,15.3,39.0
46.7,28.1,28.7,26.3,22.8,32.4
46.2,26.7,30.0,21.8,39.8,19.4
47.2,18.8,26.5,25.3,35.6,22.8
46.2,27.5,51.5,15.2,23.7,22.8
45.7,27.2,25.3,11.0,49.0,20.2
46.7,27.9,25.5,26.0,35.4,20.6
45.2,27.6,27.2,53.4,12.0,18.2
47.2,25.4,29.3,27.0,21.0,28.7
45.7,27.1,27.8,28.6,22.7,30.5
45.2,29.8,13.5,46.9,24.2,22.8
45.7,27.1,21.1,29.0,30.7,16.8
47.2,26.6,19.1,51.5,18.6,16.5
46.7,25.1,29.2,26.3,33.3,30.9
46.7,28.9,47.4,17.5,29.4,15.5
46.2,26.4,30.0,26.5,35.0,19.0
46.7,26.3,51.0,20.2,10.9,23.8
46.2,28.3,46.0,18.9,23.2,14.4
46.7,26.8,49.5,23.0,20.2,21.2
46.2,28.0,49.5,23.0,14.6,20.2
45.2,15.0,14.9,16.0,16.2,18.0
45.2,28.7,22.3,25.5,13.1,51.5
46.7,29.3,24.5,29.3,22.2,32.0
46.7,26.0,28.7,26.7,19.2,33.3
45.7,24.7,23.1,35.4,21.2,23.2
45.7,25.9,30.1,24.0,27.7,28.3
45.7,29.8,18.4,21.2,13.5,50.5
46.2,25.7,15.8,16.7,13.6,54.1
45.7,28.2,34.0,20.2,35.0,20.4
46.2,27.8,30.7,32.0,23.0,24.5
45.7,30.2,24.2,22.8,14.9,51.5
45.7,27.1,17.5,18.4,20.0,52.9
45.7,25.1,18.8,20.7,16.7,46.0
46.2,23.5,21.8,41.4,15.2,26.0
46.7,28.4,17.2,32.0,25.5,33.7
45.7,27.8,24.8,33.3,20.4,34.0
46.7,25.0,28.4,25.5,21.4,26.3
46.7,26.9,36.0,21.0,21.0,27.3
46.7,27.8,24.7,32.0,21.0,38.0
46.2,26.2,32.0,20.8,16.0,33.7
45.7,27.6,29.6,24.0,25.0,28.8
46.2,26.6,19.4,11.9,38.8,37.0
46.2,26.6,19.4,20.0,27.7,43.3
46.7,26.3,18.6,26.7,17.2,49.5
46.2,27.0,18.0,20.6,21.6,47.4
46.7,28.6,25.0,32.0,17.0,35.0
46.7,27.1,15.0,49.5,24.0,24.0
47.2,28.0,13.3,32.7,32.3,18.9
46.7,27.0,33.3,18.6,36.0,23.2
45.2,27.1,18.8,45.5,25.2,22.5
46.2,26.1,35.4,20.2,32.0,13.4
45.7,26.6,33.7,24.7,30.7,15.8
47.2,27.6,35.0,24.0,22.4,29.0
45.7,25.6,40.0,22.2,23.1,22.8
45.7,28.6,43.6,14.9,19.2,31.3
45.7,27.7,30.4,30.9,18.2,28.4
45.2,27.2,45.2,21.6,17.2,22.0
46.2,28.2,29.0,32.3,16.7,22.7
46.7,26.7,17.2,49.0,19.6,22.0
46.7,27.7,18.6,50.0,19.4,23.2
46.2,27.9,24.3,44.7,18.6,26.9
46.2,27.1,25.5,43.7,21.2,23.3
45.7,18.8,29.8,24.5,31.6,23.8
46.2,28.4,32.0,25.3,18.9,34.7
45.7,30.0,36.4,20.2,18.6,31.4
45.7,27.9,25.8,26.8,34.0,19.4
46.7,25.4,45.8,20.8,21.0,17.6
46.7,27.1,32.0,18.2,30.3,25.7
47.2,26.2,50.0,27.7,19.8,13.3
46.7,30.8,43.3,36.4,22.5,12.0
46.2,28.3,24.2,18.2,17.7,31.4
45.2,0.3,0.0,0.0,0.0,1.0
44.8,28.8,32.3,36.7,12.9,33.0
45.7,21.1,7.9,6.1,10.9,11.1
45.2,27.5,4.2,21.4,52.0,25.3
45.7,26.1,37.6,31.0,24.0,15.2
47.2,28.1,51.0,17.7,19.8,14.1
45.7,27.3,51.5,24.5,17.3,16.2
46.2,26.6,49.0,22.8,23.5,17.0
45.7,27.3,50.5,20.2,26.2,21.4
46.7,26.5,25.3,23.7,26.7,40.0
45.7,28.1,16.2,25.7,28.3,10.8
45.7,26.3,25.7,24.0,43.8,17.6
45.7,27.1,25.8,36.1,24.5,23.0
46.7,28.2,43.7,22.7,26.0,14.9
46.2,26.4,39.6,29.2,25.0,11.0
45.7,25.9,47.0,25.3,20.0,16.2
47.2,29.3,51.0,24.0,21.8,16.7
45.7,34.3,41.2,17.8,26.3,17.0
46.2,25.7,38.8,25.0,28.7,14.0
45.7,28.0,51.5,22.0,11.1,30.0
46.7,6.8,7.2,0.0,3.0,1.0
45.2,27.5,22.4,27.7,26.3,29.9
45.7,29.5,20.4,26.0,50.0,13.0
45.7,28.9,24.2,24.0,28.7,28.7
46.2,27.1,33.0,21.2,28.4,24.5
45.7,30.6,51.0,23.2,21.4,17.6
46.2,27.0,28.0,35.0,24.0,26.0
45.7,26.6,26.3,25.0,31.0,23.2
46.7,26.9,31.3,25.2,26.0,27.0
47.2,26.3,21.8,27.3,41.2,26.2
46.7,25.4,13.4,24.3,32.3,30.3
47.2,27.7,21.2,46.0,17.6,26.0
45.7,26.4,20.4,46.5,20.4,18.8
45.7,26.8,21.8,21.4,46.9,19.2
46.7,28.0,22.9,29.4,22.7,27.9
47.2,28.6,23.7,30.6,27.2,26.0
46.2,28.0,27.6,22.9,30.4,29.3
45.7,28.4,5.9,0.0,1.0,0.0
46.7,27.0,31.6,22.5,30.7,27.0
45.7,25.1,19.8,29.1,25.5,28.1
46.2,26.3,26.3,26.5,31.1,22.0
46.7,27.4,16.0,21.2,54.4,17.8
46.7,27.2,16.5,19.4,55.3,18.0
46.2,27.7,22.0,15.3,55.4,15.2
46.7,22.2,19.0,26.3,51.4,21.9
46.2,27.7,19.4,27.7,22.4,34.3
46.2,27.1,27.4,35.7,26.3,23.2
46.7,26.0,26.5,15.3,23.8,35.4
46.2,27.8,21.9,17.2,51.4,16.8
46.7,29.6,21.9,13.9,53.4,19.8
47.7,25.8,21.6,17.5,49.0,22.7
47.2,27.2,23.0,14.0,52.6,17.2
46.2,27.0,30.9,12.1,18.4,30.0
46.7,28.6,24.7,10.2,23.2,52.0
46.2,26.9,23.5,32.0,16.5,37.5
46.7,29.1,25.7,33.0,28.4,22.0
47.7,27.0,28.0,21.0,34.7,23.5
46.2,27.0,51.5,17.6,20.2,20.6
47.2,27.1,53.5,14.4,21.6,23.2
46.2,27.4,47.5,17.8,26.7,17.0
46.7,27.5,30.7,17.2,39.4,16.0
45.7,26.3,28.0,25.0,36.9,17.8
46.2,25.8,17.2,22.2,49.0,28.2
46.2,26.9,25.0,35.0,26.7,23.0
46.7,27.2,18.4,22.4,49.5,21.8
46.7,27.0,18.2,25.3,48.0,20.8
46.2,26.6,21.4,21.8,48.0,13.3
46.2,26.5,19.2,22.8,48.5,18.4
46.7,29.0,18.2,23.0,49.0,20.2
46.2,29.2,23.2,23.1,46.6,20.2
46.7,29.2,12.7,25.8,47.5,25.8
46.2,28.6,22.0,20.4,48.5,22.5
46.7,22.6,3.0,7.9,9.1,4.0
45.7,26.4,18.6,19.8,43.8,22.4
45.2,25.1,25.7,20.2,31.4,34.7
46.2,26.2,15.3,26.7,28.7,38.1
46.2,28.0,39.2,17.3,15.0,33.0
46.7,25.3,31.7,18.2,32.0,28.7
46.7,28.4,18.6,31.7,45.5,22.4
47.2,27.3,18.6,18.7,50.5,22.8
47.2,26.9,36.0,14.7,15.0,36.7
46.2,26.4,34.3,20.8,17.6,34.0
46.7,27.4,25.3,22.4,33.0,29.3
46.2,27.2,27.8,41.2,14.4,21.2
46.2,27.1,15.6,29.3,13.9,40.4
46.2,27.6,20.6,39.6,22.5,24.0
46.7,27.2,43.6,20.0,25.3,16.2
46.2,26.1,28.0,27.5,36.1,30.7
46.7,27.7,27.0,35.0,31.6,22.2
46.7,27.0,23.8,45.4,15.0,28.2
47.2,26.8,25.5,48.0,11.9,24.3
46.2,27.0,29.7,41.0,15.8,23.0
47.2,25.9,23.8,54.0,12.4,14.3
46.7,25.8,27.6,22.0,25.5,37.0
45.7,26.6,27.0,39.0,26.3,24.8
46.7,28.5,51.0,20.6,16.2,19.2
45.7,30.3,27.6,33.0,36.6,35.0
46.2,27.5,27.3,17.5,34.7,28.0
45.7,26.3,27.3,18.6,28.4,31.6
46.2,28.3,24.2,28.6,35.0,26.0
46.7,26.1,23.2,25.0,20.8,35.9
45.7,26.5,37.8,22.0,21.1,17.2
46.2,25.2,25.7,30.3,22.0,31.7
46.7,24.1,25.5,20.0,30.0,26.5
46.2,27.5,22.7,18.0,33.0,31.7
46.7,28.0,51.0,25.3,17.7,25.5
47.2,27.8,49.0,8.9,19.6,33.0
46.2,24.9,26.5,24.8,24.0,36.4
45.7,25.5,34.7,13.0,33.7,24.8
45.2,28.3,37.7,30.9,25.0,19.0
46.2,27.1,25.0,27.8,27.3,18.2
46.2,27.8,34.7,24.0,19.8,22.7
46.2,5.2,19.4,19.6,46.7,14.0
46.7,28.7,22.0,18.6,45.4,27.5
45.7,29.6,14.4,25.3,42.6,23.0
46.7,27.2,26.5,27.6,24.2,30.4
46.7,26.3,25.5,18.2,20.4,40.4
46.7,26.3,20.0,14.4,19.6,52.0
46.2,29.0,21.2,17.3,20.8,49.0
45.7,26.6,20.2,20.0,22.3,50.5
46.2,25.8,29.0,25.5,21.0,20.0
46.2,28.7,21.2,20.2,28.6,38.0
46.7,23.1,34.3,29.8,26.7,26.0
45.7,28.5,33.7,25.0,22.7,28.8
46.7,27.1,50.0,12.1,27.5,23.0
46.2,27.7,46.3,19.0,23.0,19.4
45.2,26.4,46.0,24.2,12.6,21.4
45.2,27.6,25.5,26.3,29.3,24.8
45.7,27.9,23.2,18.0,26.7,23.8
46.2,27.7,21.6,21.0,24.5,44.1
45.2,28.7,2.0,1.0,3.0,3.0
45.2,26.3,22.7,30.1,23.7,30.9
46.7,26.4,19.8,17.8,41.8,26.7
45.7,26.7,17.2,23.8,25.0,47.0
46.7,25.4,20.0,22.2,22.3,50.0
46.2,27.2,11.1,18.7,27.3,46.5
47.2,27.4,35.1,41.4,20.2,15.8
46.7,26.4,35.1,27.6,23.8,25.3
45.7,28.6,30.6,30.8,20.0,31.6
45.2,28.0,35.6,26.8,16.7,32.0
45.7,26.5,18.2,25.3,16.7,46.5
46.7,29.1,19.4,28.4,17.3,45.9
46.2,27.1,16.7,18.6,16.7,51.9
45.7,28.9,16.3,24.5,15.3,49.5
45.7,27.3,30.3,42.1,18.0,16.2
45.2,29.9,25.7,26.5,29.7,32.7
46.2,12.2,26.5,15.0,36.5,29.9
45.2,25.2,27.3,27.0,41.6,12.0
45.7,29.2,30.0,27.2,25.8,31.3
45.7,25.8,21.2,50.0,18.6,18.8
45.7,26.3,24.5,28.0,26.5,33.7
45.2,25.6,23.5,22.9,41.6,15.6
45.7,26.3,30.0,27.3,30.7,22.2
45.2,27.0,32.7,30.5,18.2,25.5
45.7,27.9,27.0,26.8,16.0,34.7
46.7,26.0,40.0,17.8,25.5,24.8
45.7,28.0,26.5,19.2,23.0,37.8
45.2,25.8,23.5,20.0,31.7,32.0
46.2,26.9,21.2,23.7,39.0,28.0
47.2,25.9,28.9,15.5,35.4,23.0
46.2,26.2,22.2,32.0,27.7,24.5
46.2,26.7,42.9,20.0,24.5,23.0
44.8,28.1,28.2,18.9,13.3,43.7
46.2,27.9,43.6,14.7,28.9,22.8
47.2,28.9,31.7,27.8,29.6,21.2
45.7,26.7,25.7,31.6,19.6,22.4
45.7,28.0,22.2,44.1,25.3,16.3
45.7,25.5,31.3,31.0,17.2,24.0
46.7,27.1,36.6,32.0,27.2,16.5
45.7,27.0,41.2,15.8,29.0,23.8
46.2,28.1,45.3,22.0,20.2,15.2
46.2,27.9,25.0,25.8,24.0,25.8
46.7,27.2,25.5,28.7,27.6,35.0
46.7,28.3,43.4,16.3,28.3,18.4
46.2,26.8,24.0,35.0,23.5,22.4
46.7,27.4,20.4,16.0,49.0,20.4
46.2,28.0,16.5,19.4,53.1,17.0
46.2,26.2,33.3,20.2,33.3,24.8
45.7,26.9,29.1,36.6,26.0,22.5
45.2,27.4,17.5,33.7,31.3,25.5
45.7,5.5,1.0,0.0,0.0,0.0
46.2,27.0,24.5,40.0,29.4,19.4
45.7,19.8,31.7,21.0,23.2,33.7
46.2,28.0,39.6,19.2,24.0,25.0
45.7,28.8,19.2,22.8,46.9,20.8
45.7,27.3,34.7,20.2,26.7,22.7
46.2,27.3,33.3,19.2,33.0,27.6
46.7,28.6,19.4,23.8,16.2,49.0
46.2,27.3,29.0,20.8,19.2,51.0
46.2,27.5,29.4,23.7,29.0,36.5
47.2,28.3,20.6,21.8,22.5,47.5
45.2,28.0,25.8,27.9,25.0,31.7
46.7,26.4,27.8,19.2,19.0,41.4
45.7,27.4,25.0,21.0,20.8,47.4
45.7,25.6,23.0,21.8,37.0,25.5
45.7,27.1,29.3,36.3,22.5,23.5
46.2,27.1,25.8,43.0,21.0,24.0
46.7,27.2,23.0,37.4,28.3,25.7
46.7,29.3,13.1,36.4,25.7,30.6
46.2,32.4,37.8,36.5,24.0,25.5
45.7,27.3,13.0,24.3,21.2,44.0
46.2,27.2,28.0,23.0,26.0,33.0
45.2,27.3,27.7,30.7,26.3,24.8
46.2,26.2,11.5,32.3,29.9,26.8
45.2,27.6,16.0,16.8,50.0,21.0
46.7,28.3,22.2,28.3,28.3,25.0
46.2,26.5,22.1,36.9,29.8,21.8
45.7,26.6,20.6,51.5,21.8,18.8
46.7,27.1,36.5,26.0,30.7,26.0
46.2,27.0,26.3,20.6,44.6,21.8
46.2,29.4,15.8,29.0,48.5,20.8
46.7,25.8,20.6,23.3,30.9,31.3
46.7,26.3,38.4,25.7,29.3,20.2
47.2,30.3,30.0,19.0,29.8,32.0
46.2,26.9,19.0,19.4,24.2,47.5
46.2,26.1,23.0,18.2,19.8,47.0
46.7,27.0,20.4,23.5,14.4,49.5
46.2,27.8,18.4,19.6,10.1,37.0
46.7,26.5,10.2,31.0,15.0,50.0
45.7,25.6,23.5,25.0,22.0,39.2
46.7,26.8,20.2,25.5,32.3,29.7
47.2,25.4,26.7,21.0,40.9,17.8
45.7,25.6,28.3,24.5,29.0,26.2
46.7,28.8,41.4,33.7,14.9,19.2
46.2,27.3,27.0,16.2,31.2,33.3
46.7,26.4,19.6,17.8,24.0,51.0
46.7,26.6,21.8,26.3,25.5,31.3
47.2,27.9,15.3,20.2,16.0,55.4
46.7,26.1,23.5,34.3,19.6,28.2
46.7,27.4,27.3,32.7,23.2,24.5
46.2,27.2,24.0,37.1,30.0,21.0
45.7,28.3,18.8,19.0,53.0,13.4
47.2,26.1,21.1,14.9,45.2,24.5
46.2,27.3,51.0,19.0,20.0,18.2
46.7,11.2,38.4,18.2,28.0,17.5
46.2,26.3,39.6,18.0,25.5,17.8
46.2,24.2,19.4,11.3,22.8,46.0
46.7,24.4,14.7,29.6,22.5,36.0
46.2,27.4,19.8,35.3,32.0,24.5
46.7,26.4,19.4,31.6,29.0,28.3
47.7,28.8,18.4,35.7,34.3,15.3
46.2,26.7,24.0,27.3,16.3,24.3
45.7,28.0,34.0,35.1,16.2,19.2
45.7,26.4,45.9,11.1,21.4,29.5
47.7,26.0,51.0,10.1,17.8,24.0
46.7,30.2,17.2,39.8,28.7,23.2
46.2,27.0,22.4,41.4,27.3,13.5
46.7,26.7,20.4,38.6,29.6,18.6
46.7,28.0,27.0,41.2,22.9,21.0
45.7,27.4,25.0,19.2,36.6,21.4
46.7,28.1,23.2,22.2,35.6,32.3
46.7,26.9,35.6,18.0,17.3,33.0
45.7,26.0,28.0,10.4,36.4,29.4
47.2,26.4,27.8,16.5,28.0,28.3
46.7,24.9,33.0,23.5,26.5,29.3
46.2,26.6,24.0,26.3,28.0,31.4
45.7,25.8,32.7,26.3,19.0,25.7
46.7,25.0,20.2,15.3,30.5,24.0
45.7,28.6,28.6,31.0,25.7,30.1
46.2,21.0,29.3,27.3,26.2,31.7
45.7,27.8,51.0,15.3,21.2,19.6
46.2,27.4,32.3,24.0,23.8,34.0
47.2,26.4,27.3,27.2,33.3,20.0
46.2,27.4,33.0,18.2,30.8,20.0
46.2,27.1,51.0,20.4,19.2,17.5
47.2,26.3,46.4,16.5,23.8,17.8
47.2,29.2,20.8,22.0,47.4,14.1
46.7,26.0,27.0,27.5,48.5,11.0
46.7,28.0,32.3,25.0,25.0,19.2
46.7,25.7,21.4,22.8,23.8,36.7
46.7,25.6,34.4,23.0,32.7,14.1
46.2,27.1,19.8,21.4,47.6,17.0
46.2,27.3,22.2,25.0,44.3,16.8
46.2,26.1,38.0,25.7,28.3,18.2
46.7,27.6,26.0,12.2,43.4,19.4
45.7,26.4,25.5,20.0,32.7,33.3
46.2,28.2,33.3,23.5,18.8,34.7
46.2,26.2,20.6,12.1,22.7,46.9
45.7,25.7,22.1,11.9,24.0,53.4
45.7,24.2,18.1,12.2,24.5,51.5
45.7,25.4,21.0,24.0,25.2,45.7
46.7,26.6,18.1,12.2,24.8,55.0
45.7,26.7,30.8,25.0,18.0,35.7
45.7,29.5,22.3,26.0,29.9,32.7
45.7,26.8,16.2,18.6,44.4,29.0
46.2,27.5,35.6,28.9,22.4,19.2
45.7,19.6,24.5,44.1,20.6,20.0
46.7,25.6,16.5,29.2,25.5,29.7
47.2,26.9,40.2,23.2,21.4,27.7
45.2,24.6,26.3,31.7,25.7,29.5
46.7,27.5,33.3,31.6,20.4,19.4
46.2,27.5,35.7,34.7,21.2,26.4
44.8,27.9,15.2,23.2,25.5,46.1
46.2,28.7,21.4,17.5,32.3,34.7
46.2,11.2,2.0,0.0,0.0,0.0
45.7,29.1,28.0,20.2,14.1,45.0
46.2,26.1,28.2,27.6,18.0,44.2
45.7,26.7,21.4,18.2,21.2,50.5
46.2,25.8,32.0,48.0,25.0,44.3
45.7,26.0,23.5,17.0,20.4,49.5
45.2,27.2,24.0,20.0,18.0,47.1
45.7,27.3,35.3,20.6,27.0,31.7
46.7,7.3,14.9,7.9,13.9,9.2
46.2,27.9,21.4,17.0,19.2,48.5
45.7,26.7,20.4,22.2,31.7,35.0
46.2,28.0,32.3,12.8,34.0,20.8
45.7,25.8,36.6,32.7,14.9,25.0
45.7,25.9,17.2,33.7,23.2,31.6
45.7,28.7,26.5,29.5,25.3,27.6
45.2,26.9,26.0,26.7,34.0,24.8
46.7,27.6,14.3,26.2,21.0,45.2
45.2,26.3,26.0,21.0,37.6,29.4
45.7,18.0,20.0,27.5,35.0,27.3
46.2,28.5,28.0,10.0,42.0,27.2
46.7,26.3,28.3,20.0,17.8,41.8
46.7,27.6,33.7,23.2,23.5,29.9
46.2,26.6,29.4,23.5,27.6,34.7
46.2,26.1,22.1,21.8,11.2,50.5
46.2,27.1,37.6,23.2,19.8,30.6
46.7,26.3,26.7,27.6,26.7,24.5
46.2,27.2,24.3,26.3,24.8,29.6
45.7,29.3,15.3,52.4,26.0,16.7
46.2,26.1,23.8,51.6,13.3,21.4
46.2,26.1,22.4,28.7,35.7,23.0
46.7,26.5,41.2,26.0,17.2,22.8
45.2,27.8,29.0,34.3,20.8,18.2
46.2,24.6,23.7,40.2,19.8,14.3
46.7,28.0,17.5,30.3,22.0,34.3
45.7,27.3,16.7,23.2,20.8,50.5
45.7,26.3,27.6,12.4,40.8,32.7
46.7,26.9,27.3,31.0,26.5,20.6
46.7,26.8,25.0,22.7,27.3,29.9
46.2,26.8,12.4,28.6,48.0,20.2
45.7,26.8,16.2,38.8,30.3,21.8
47.2,28.3,20.4,22.0,21.8,45.5
46.7,27.5,11.0,14.1,10.0,22.2
45.7,27.0,22.7,13.3,20.4,44.6
45.2,29.1,24.0,30.7,21.6,27.6
45.7,26.2,20.4,11.1,30.4,46.3
46.2,26.8,40.0,18.2,18.4,29.3
45.7,28.0,14.0,33.7,27.5,26.8
46.7,27.1,28.3,18.4,39.4,16.5
46.2,26.1,27.7,19.6,38.0,23.5
45.7,26.8,25.5,37.0,24.0,19.0
47.2,26.9,17.0,48.0,16.8,28.7
47.2,27.6,19.2,47.0,19.4,19.0
47.2,27.9,24.0,51.4,20.8,15.2
46.2,25.6,24.2,49.0,22.0,16.2
46.7,26.8,18.1,52.9,15.0,25.0
46.7,26.5,30.7,37.8,17.8,20.8
46.2,26.4,51.5,15.0,19.2,18.1
47.2,28.1,51.0,18.6,14.9,23.7
47.2,27.0,47.0,25.0,20.8,19.0
46.2,26.5,50.5,19.0,19.6,21.9
46.7,26.0,50.5,7.5,27.9,27.1
47.7,27.5,32.7,20.2,25.0,25.8
48.2,26.4,53.8,19.0,16.2,15.6
46.7,26.9,26.5,32.7,21.6,27.0
46.7,25.3,28.6,18.6,23.0,31.3
46.2,28.1,43.7,22.3,25.5,22.2
47.7,26.1,23.5,25.5,40.2,23.5
45.7,0.0,1.0,0.0,0.0,0.0
45.2,19.5,20.8,30.8,48.5,24.5
45.2,28.4,29.4,32.0,22.5,23.4
45.7,28.8,49.0,20.6,21.0,19.8
46.7,37.5,31.0,28.4,31.1,20.6
46.7,27.2,33.0,18.0,36.4,23.7
46.2,26.0,25.8,30.7,22.0,30.7
46.7,28.8,43.6,28.8,14.1,17.7
46.7,27.6,30.0,29.7,23.8,32.7
47.2,30.6,26.7,44.0,12.4,24.0
46.2,29.3,41.2,28.3,28.0,20.0
47.2,26.0,23.7,34.3,30.6,26.5
46.2,29.5,24.5,25.0,34.3,26.5
46.2,30.9,31.6,25.7,32.3,25.0
46.7,27.6,26.7,36.4,32.0,18.2
46.2,29.1,27.3,29.9,35.0,27.0
45.7,30.0,26.3,31.0,32.7,23.2
47.2,29.6,27.3,22.9,14.1,44.0
47.2,27.4,27.3,26.3,20.8,44.6
47.7,28.1,19.2,12.7,9.0,24.8
47.2,26.5,17.5,24.2,17.5,44.4
47.7,27.5,28.0,28.4,16.8,46.5
46.7,29.2,22.4,19.8,38.5,25.3
46.2,29.4,23.0,27.1,34.3,23.8
47.2,27.3,32.0,31.0,31.4,17.8
45.7,30.4,28.4,31.3,28.7,23.5
47.7,27.8,21.4,28.2,42.3,26.0
45.7,32.6,25.5,46.4,21.4,24.0
46.2,0.7,16.3,33.0,10.2,25.0
46.2,28.2,30.8,21.4,36.3,28.7
46.2,28.9,29.3,20.6,33.0,26.8
45.7,27.4,31.0,21.2,29.8,28.4
46.2,29.0,23.7,27.7,30.6,30.4
46.7,28.9,26.0,23.5,28.2,28.6
46.2,25.6,19.2,46.9,20.4,17.8
47.2,27.3,19.4,52.9,18.6,22.0
47.2,10.4,23.5,47.0,21.0,24.0
45.7,29.2,28.6,40.4,16.2,25.5
46.2,29.9,22.0,30.9,37.4,29.2
46.7,27.0,21.1,33.7,21.9,22.8
46.2,27.2,32.7,22.2,30.4,30.5
47.2,23.7,38.8,24.8,14.0,33.7
46.2,28.5,32.7,36.4,12.9,27.5
45.7,29.6,39.4,26.9,12.1,33.0
46.7,28.0,8.1,5.9,10.2,7.9
46.7,27.4,31.7,27.3,19.0,44.4
45.2,8.0,29.0,19.6,19.6,28.9
47.2,28.0,28.1,32.0,29.6,25.7
46.2,28.1,36.4,22.8,30.0,21.4
47.2,27.2,38.9,18.4,26.7,24.7
46.7,27.7,36.6,20.0,20.6,34.3
45.7,27.9,30.0,30.3,26.2,24.5
46.2,27.3,31.1,33.0,25.5,31.0
46.7,27.4,20.8,17.0,15.6,40.2
46.7,28.5,11.0,11.5,4.0,15.5
44.8,28.4,27.3,27.8,27.7,26.5
47.2,27.0,25.5,20.0,21.6,46.3
46.7,27.4,26.5,31.3,32.4,20.4
47.2,26.5,30.0,35.0,26.0,21.8
46.7,28.3,21.0,28.3,30.3,29.6
46.7,27.3,24.0,32.0,25.3,31.3
46.7,27.2,22.4,50.0,19.2,20.4
46.7,27.6,15.8,14.4,10.0,35.8
45.7,0.0,0.0,1.0,0.0,2.0
46.2,27.9,30.9,38.2,27.5,26.9
46.2,27.3,47.0,29.3,13.0,22.5
46.7,28.3,32.4,28.6,26.7,27.1
46.7,27.8,21.2,18.4,36.6,33.3
47.2,28.5,22.3,25.8,32.3,28.7
46.7,27.9,31.4,25.7,32.0,27.2
46.2,28.1,40.2,25.5,28.2,20.4
47.7,29.2,51.5,21.9,17.8,20.4
46.7,28.1,36.4,35.7,16.0,22.8
46.2,28.5,15.3,16.0,15.8,16.8
44.8,29.8,14.1,29.1,42.4,25.5
45.7,29.8,20.0,25.5,29.6,36.6
47.2,27.0,19.6,39.4,24.5,12.5
47.2,27.0,23.0,38.6,27.0,21.4
45.7,24.9,21.6,42.7,21.0,22.4
46.2,29.6,35.3,31.0,18.2,27.8
46.7,27.6,56.7,17.2,13.0,21.6
46.2,28.0,23.7,28.4,31.7,29.4
46.7,28.6,45.5,15.5,20.6,32.3
47.2,27.3,16.5,33.3,38.1,13.0
45.7,27.7,21.9,40.0,25.0,23.5
46.7,29.2,31.7,38.0,24.8,26.5
46.7,29.1,35.5,29.8,21.0,25.5
46.2,28.7,35.7,30.1,26.0,28.2
46.7,28.6,25.3,29.4,25.0,31.6
47.7,27.6,25.3,42.1,18.2,22.3
46.2,30.8,25.0,47.0,23.8,22.0
47.7,29.3,21.4,48.0,17.6,29.0
46.7,27.7,18.8,31.0,19.8,37.8
46.2,26.6,33.7,38.0,17.3,17.0
47.2,27.8,30.6,29.3,23.8,33.3
45.7,28.6,36.0,26.0,25.5,21.8
47.7,28.1,32.7,31.4,26.6,25.2
45.7,6.2,0.0,1.0,0.0,5.0
44.8,11.4,33.3,27.0,24.5,25.7
46.7,29.1,20.0,17.3,30.7,43.4
46.2,1.8,15.2,18.6,22.2,16.5
44.8,28.9,17.0,26.0,38.5,23.2
46.2,29.4,36.6,26.3,31.0,18.8
46.2,28.6,25.0,31.7,22.3,40.6
46.2,27.7,21.0,22.0,30.0,39.8
47.2,28.4,12.4,34.7,25.2,34.0
46.2,26.8,22.9,26.3,37.5,34.3
46.2,28.6,24.2,27.5,33.7,29.6
46.7,19.6,2.0,1.0,0.0,2.0
45.7,28.5,41.6,26.7,28.2,19.8
45.7,1.2,39.6,37.9,21.6,16.8
44.8,28.0,39.0,26.0,25.0,17.3
47.2,28.3,26.0,30.7,19.4,30.3
46.7,27.6,26.5,27.3,24.3,29.9
47.2,28.1,49.0,27.9,16.3,19.6
46.2,28.3,13.1,52.0,22.3,21.8
47.2,26.4,27.8,28.9,28.8,22.5
46.7,27.2,17.3,20.6,19.4,50.0
45.7,14.7,10.8,3.0,0.0,1.0
45.7,28.7,44.0,19.2,19.4,25.3
45.7,27.8,21.6,38.8,27.3,16.0
46.2,26.9,21.0,27.6,37.6,24.5
46.7,28.3,25.5,26.0,32.4,36.6
45.7,28.0,23.8,17.3,34.7,33.0
46.2,27.9,7.1,42.0,26.5,34.0
45.7,28.3,25.3,26.3,25.5,34.3
46.7,28.3,20.6,28.3,31.6,24.8
45.7,31.4,20.4,36.0,33.0,26.3
45.7,5.5,25.0,45.5,21.6,16.5
45.2,26.8,28.0,51.0,15.2,18.4
46.2,27.8,43.0,25.3,17.2,27.6
46.2,28.5,24.2,38.0,18.4,22.4
46.7,27.2,15.6,51.5,21.8,22.0
46.2,25.4,20.8,20.2,36.0,32.0
45.2,27.4,23.2,25.7,20.8,39.8
46.2,28.9,34.7,18.6,30.7,27.7
45.7,29.0,24.8,16.7,30.1,50.5
46.2,26.3,29.0,11.1,21.6,49.5
45.2,26.8,17.2,22.7,13.8,52.4
46.2,26.1,34.7,28.8,28.0,25.8
45.7,27.6,19.0,39.4,29.4,24.8
46.2,28.9,17.6,23.8,33.0,28.0
45.7,29.4,25.3,27.2,20.0,49.0
46.2,29.8,19.2,27.7,34.0,32.0
45.7,29.4,21.4,23.0,41.0,24.5
46.2,27.5,25.5,38.5,31.7,20.4
46.7,30.3,31.6,31.7,26.5,27.0
45.7,29.3,21.4,37.8,31.7,23.5
45.2,28.1,24.0,26.5,34.0,25.5
46.2,29.6,8.2,25.8,29.4,45.4
46.7,27.8,25.0,17.8,23.3,45.3
46.7,28.7,35.4,23.0,23.5,28.9
46.7,29.7,13.4,21.6,29.0,52.0
46.2,27.0,25.5,11.0,20.0,53.4
46.2,29.9,33.0,35.0,26.5,19.8
46.7,27.3,27.9,32.0,26.5,25.8
45.7,27.3,20.0,22.4,22.3,43.4
46.7,26.3,26.0,31.0,28.6,22.3
46.7,29.4,31.7,29.2,31.3,21.8
47.2,28.9,25.7,18.4,50.0,22.5
46.7,30.5,14.7,30.3,26.3,34.0
47.2,27.2,27.5,31.7,23.0,32.7
46.2,28.2,22.4,20.4,22.7,48.1
46.7,29.3,20.6,22.2,51.0,17.6
46.2,27.8,18.6,24.5,49.0,25.5
45.7,29.9,28.0,18.4,49.0,13.3
45.7,28.0,25.0,12.2,46.0,23.0
46.2,31.4,25.3,26.7,32.0,30.5
46.2,29.2,31.4,14.0,42.9,32.0
46.7,27.8,30.4,36.0,23.5,20.4
46.7,29.6,19.8,17.8,19.2,50.5
47.2,28.5,26.8,26.9,17.9,34.7
47.2,27.4,31.7,20.0,40.6,26.3
47.2,28.0,18.2,26.3,25.3,41.2
46.7,30.0,27.5,27.9,20.6,48.5
46.7,29.5,27.6,19.4,21.0,49.0
46.7,28.5,28.9,13.1,38.4,25.0
47.2,28.0,29.6,15.0,27.6,36.0
47.2,25.6,46.7,23.5,20.6,25.0
46.2,25.2,16.5,37.0,36.9,23.0
46.2,26.6,34.0,29.7,27.0,15.5
46.2,29.9,55.9,21.4,12.2,12.6
46.2,27.2,53.9,11.8,28.0,22.8
46.2,26.9,35.0,38.8,19.8,16.5
46.2,28.9,28.3,27.6,31.0,19.8
46.2,30.7,23.5,37.0,29.3,22.5
47.2,26.7,40.8,15.3,31.7,17.0
46.7,28.3,52.5,18.4,23.8,14.4
46.7,28.0,22.7,22.4,41.6,24.5
47.2,25.9,45.1,13.1,29.9,18.0
46.7,26.7,34.3,27.2,21.4,28.7
46.7,28.2,33.0,30.7,19.6,21.8
46.7,28.1,33.3,26.3,24.2,18.0
47.2,25.5,27.8,50.0,20.2,17.8
47.2,27.5,19.0,32.0,31.0,32.0
46.2,20.1,35.6,29.0,25.3,25.2
46.7,27.0,22.8,22.2,24.3,39.8
46.2,27.3,16.3,39.0,30.3,24.8
46.2,25.0,29.2,27.3,35.6,25.3
46.2,29.6,19.4,49.0,19.2,26.8
47.2,27.0,27.1,51.5,20.2,10.9
47.2,27.3,27.0,28.0,35.6,19.8
46.2,30.1,27.7,35.4,27.3,23.5
46.7,27.2,14.1,22.5,54.5,19.2
46.7,28.1,20.2,50.5,24.0,14.1
47.2,27.3,14.6,54.1,15.7,31.1
46.2,28.7,38.8,28.4,28.2,12.0
45.2,29.0,28.3,31.0,25.3,28.0
46.7,27.1,29.3,25.5,19.0,32.7
46.7,27.5,21.6,20.6,24.8,38.8
46.7,29.6,24.5,23.8,33.7,33.7
47.2,26.9,27.8,37.3,26.0,22.0
47.2,27.0,30.9,29.1,21.6,24.8
46.2,27.3,14.4,34.3,24.3,44.0
45.7,28.8,16.3,20.8,20.6,50.0
46.2,27.8,31.4,29.9,21.4,29.9
47.2,27.8,25.5,13.3,43.3,26.7
46.2,29.1,31.4,19.6,44.2,25.5
46.2,27.5,24.0,17.6,49.5,24.5
46.7,28.1,16.8,23.8,48.0,21.8
45.7,26.8,25.0,12.9,52.4,19.0
45.7,26.0,27.7,32.0,22.9,25.5
46.7,27.4,26.5,31.0,29.3,22.2
46.7,27.1,31.7,24.5,31.6,22.2
46.2,28.5,25.3,16.5,35.4,34.0
46.2,29.2,15.3,16.7,53.5,19.2
47.7,27.9,23.2,27.5,22.8,35.1
46.7,30.0,22.7,17.3,45.6,24.2
46.2,23.2,15.0,2.0,6.0,16.0
46.2,30.3,39.2,21.4,26.0,24.8
45.2,27.4,22.9,22.7,39.2,22.0
45.7,27.7,22.4,19.4,50.0,19.0
45.7,28.8,26.3,33.3,33.0,30.1
44.8,28.1,34.0,19.8,27.7,35.0
46.7,29.5,31.0,24.2,20.6,30.0
45.2,28.2,33.3,26.3,26.0,26.5
45.7,28.9,27.7,20.0,17.3,24.2
44.3,28.8,30.9,31.3,32.7,18.6
45.7,29.3,22.7,17.2,51.9,21.0
45.2,28.7,10.3,23.2,47.1,22.5
45.7,26.3,24.2,34.0,29.1,22.8
45.7,29.3,20.2,45.5,19.6,24.5
45.7,26.8,28.0,37.6,22.9,30.4
46.2,21.1,29.4,48.0,14.3,31.4
46.2,27.7,26.3,27.3,36.1,22.7
45.7,29.1,7.8,4.0,5.1,0.0
46.2,27.7,28.7,28.3,33.3,32.0
45.7,28.5,45.5,15.6,32.0,25.0
46.7,27.6,33.3,32.0,26.7,21.0
46.2,27.5,39.6,19.2,30.6,29.8
45.7,26.6,21.2,32.6,29.5,20.2
45.7,29.9,25.0,21.0,28.7,34.4
46.2,28.6,29.3,18.4,40.8,28.7
46.7,27.6,20.4,11.0,19.8,22.2
45.7,27.4,22.4,21.4,49.5,22.0
46.7,27.0,30.8,23.5,26.7,34.7
46.2,28.8,24.2,18.8,44.1,24.0
46.7,27.0,21.1,21.2,47.0,20.4
46.7,27.6,24.8,34.0,31.4,24.5
45.7,28.2,23.5,30.4,29.7,29.9
46.7,17.9,1.0,4.8,5.0,1.0
45.2,8.5,11.3,2.9,0.0,0.0
44.3,3.4,20.2,8.5,0.0,0.0
43.8,8.7,9.5,7.5,0.0,12.5
43.3,2.5,0.0,0.0,0.0,7.1
